"Servant_Name","Availability","Class","Rarity","Num_Alias","ID","Cost","ATK","Max_ATK","HP","Max_HP","Lv_100_Grail_ATK","Lv_100_Grail_HP","Lv_120_Grail_ATK","Lv_120_Grail_HP","Voice_Actor","Illustrator","Attribute","Growth_Curve","Star_Absorption","Star_Generation","NP_Charge_ATK","NP_Charge_DEF","Death_Rate","Alignments1","Alignments2","Gender","Quick_Hits","Arts_Hits","Buster_Hits","Extra_Hits","is_Summer_Servant"
"Mashu Kyrielight","Unlimited","Shielder","4",4,"1","0",1261,9653,1854,14248,10575,15619,12419,18362,"Takahashi Rie","Takeuchi Takashi","Earth","Linear",99,9.9,0.84,3,24.5,"Lawful","Good","Female",2,2,1,3,FALSE
"Mashu Kyrielight","Unlockable Servants","Shielder","4",4,"1","0",1261,9653,1854,14248,10575,15619,12419,18362,"Takahashi Rie","Takeuchi Takashi","Earth","Linear",99,9.9,0.84,3,24.5,"Lawful","Good","Female",2,2,1,3,FALSE
"Mashu Kyrielight","Unlockable Servants","Shielder","4",4,"1","0",1261,9653,1854,14248,10575,15619,12419,18362,"Takahashi Rie","Takeuchi Takashi","Earth","Linear",99,9.9,0.84,3,24.5,"Lawful","Good","Female",2,2,1,3,FALSE
"Artoria Pendragon","Unlimited","Saber","5",6,"2","16",1734,11221,2222,15150,12283,16597,14418,19506,"Kawasumi Ayako","Takeuchi Takashi","Earth","Linear",102,10,0.86,3,21,"Lawful","Good","Female",2,2,1,3,FALSE
"Artoria Pendragon (Alter)","Unlockable Servants","Saber","4",5,"3","12",1708,10248,1854,11589,12408,14051,14569,16514,"Kawasumi Ayako","Takeuchi Takashi","Man","S",99,9.9,0.86,3,19.2,"Lawful","Evil","Female",2,2,1,3,FALSE
"Artoria Pendragon (Lily)","Event Reward","Saber","4",2,"4","12",1287,7726,1699,10623,9355,12880,10984,15138,"Kawasumi Ayako","Takeuchi Takashi","Earth","S",102,10,0.86,3,21,"Lawful","Good","Female",2,2,1,3,FALSE
"Artoria Pendragon (Lily)","Friend Point Only","Saber","4",2,"4","12",1287,7726,1699,10623,9355,12880,10984,15138,"Kawasumi Ayako","Takeuchi Takashi","Earth","S",102,10,0.86,3,21,"Lawful","Good","Female",2,2,1,3,FALSE
"Nero Claudius","Unlockable Servants","Saber","4",3,"5","12",1574,9449,1880,11753,11441,14250,13433,16748,"Tange Sakura","Wada Arco","Man","Reverse S",102,10.1,0.84,3,24.5,"Chaotic","Good","Female",2,2,1,5,FALSE
"Siegfried","Unlimited","Saber","4",3,"6","12",1363,8181,2266,14165,9905,17175,11630,20185,"Suwabe Junichi","Konoe Ototsugu","Earth","S",97,10,0.83,3,28,"Chaotic","Good","Male",2,2,1,3,FALSE
"Gaius Julius Caesar","Unlimited","Saber","3",2,"7","7",1392,7497,1727,9595,10146,13009,11917,15291,"Okiayu Ryoutarou","Shimadoriru","Man","S",99,10,1.1,3,31.5,"True","Neutral","Male",2,2,1,3,FALSE
"Altera","Unlimited","Saber","5",4,"8","16",1907,12343,2039,13907,13511,15236,15859,17906,"Noto Mamiko","huke","Man","Linear",102,10.1,0.84,3,24.5,"Chaotic","Good","Female",2,2,1,3,FALSE
"Gilles de Rais (Saber)","Unlimited","Saber","3",0,"9","7",1228,6615,1889,10498,8952,14234,10515,16730,"Tsuruoka Satoshi","Shinjiro","Man","S",98,9.9,0.82,3,31.5,"Lawful","Good","Male",2,2,1,3,FALSE
"Chevalier d'Eon","Unlimited","Saber","4",3,"10","12",1460,8765,2121,13256,10613,16073,12461,18890,"Saito Chiwa","Moriyama Daisuke","Man","Reverse S",102,10,0.83,3,28,"True","Neutral","Unknown",2,2,1,3,FALSE
"Okita Soji","Limited Servants","Saber","5",2,"68","16",1865,12068,1939,13225,13210,14489,15506,17028,"Yuki Aoi","Takeuchi Takashi","Man","Reverse S",98,10.2,1.09,3,35,"True","Neutral","Female",5,2,1,3,FALSE
"Fergus mac Róich","Unlimited","Saber","3",0,"72","7",1385,7460,1761,9786,10096,13268,11858,15596,"Kuroda Takaya","B-suke","Earth","Semi Reverse S",99,10,1.09,3,35,"Lawful","Neutral","Male",2,2,1,3,FALSE
"Mordred","Unlimited","Saber","5",4,"76","16",1811,11723,2153,14680,12833,16083,15063,18901,"Sawashiro Miyuki","Konoe Ototsugu","Earth","Semi Reverse S",98,10,0.56,3,24.5,"Chaotic","Neutral","Female",2,3,1,4,FALSE
"Nero Claudius (Bride)","Limited Servants","Saber","5",1,"90","16",1793,11607,2089,14248,12706,15609,14914,18345,"Tange Sakura","Wada Arco","Man","Semi S",102,10.1,0.7,3,35,"Chaotic","Bride","Female",3,3,1,5,FALSE
"Ryogi Shiki (Saber)","Limited Servants","Saber","5",3,"91","16",1656,10721,2266,15453,11736,16929,13775,19897,"Sakamoto Maaya","Takeuchi Takashi","Man","S",102,9.9,0.84,3,24.5,"True","Neutral","Female",4,2,1,4,FALSE
"Rama","Unlimited","Saber","4",0,"101","12",1642,9854,1901,11993,11931,14541,14009,17090,"Sawashiro Miyuki","Rin Kususaga","Sky","Semi Reverse S",100,10.2,0.84,3,24.5,"Lawful","Good","Male",2,2,1,4,FALSE
"Lancelot (Saber)","Unlimited","Saber","4",3,"121","12",1658,9949,1854,11589,12046,14051,14144,16514,"Okiayu Ryoutarou","Shimadoriru","Earth","S",100,10,0.83,3,28,"Lawful","Good","Male",3,2,4,5,FALSE
"Gawain","Unlockable Servants","Saber","4",2,"123","12",1695,10173,1827,11419,12317,13845,14462,16272,"Mizushima Takahiro","Wada Arco","Earth","Linear",102,10,1.14,3,21,"Lawful","Good","Male",2,2,1,5,FALSE
"Bedivere","Unlockable Servants","Saber","3",3,"126","7",1416,7627,1727,9595,10322,13009,12123,15291,"Miyano Mamoru","Sky Sphere","Star","S",100,10.2,1.11,3,28,"Lawful","Good","Male",2,2,1,5,FALSE
"Elizabeth Báthory (Brave)","Event Reward","Saber","4",2,"138","12",1649,9899,1799,11248,11986,13638,14073,16029,"Ookubo Rumi","Wada Arco","Earth","Reverse S",100,9.9,0.55,3,28,"Chaotic","Good","Female",4,3,1,5,FALSE
"Miyamoto Musashi","Limited Servants","Saber","5",5,"153","16",1860,12037,1999,13635,13176,14938,15466,17556,"Sakura Ayane","Koyama Hirokazu","Man","Linear",100,10,0.87,3,35,"Chaotic","Good","Female",3,3,2,4,FALSE
"Arthur Pendragon (Prototype)","Limited Servants","Saber","5",4,"160","16",1926,12465,2049,13975,13645,15310,16016,17994,"Sakurai Takahiro","Nakahara","Earth","Linear",100,10,0.84,3,24.5,"Lawful","Good","Male",3,2,1,5,FALSE
"Suzuka Gozen","Unlimited","Saber","4",2,"165","12",1590,9544,1880,11753,11556,14250,13568,16748,"Touyama Nao","Takenoko Seijin","Sky","Semi S",100,10.2,0.57,3,21,"Neutral","Evil","Female",3,3,3,4,FALSE
"Frankenstein (Saber)","Limited Servants","Saber","4",0,"176","12",1558,9353,1919,11993,11325,14541,13297,17090,"Nonaka Ai","Okazaki Takeshi","Earth","Linear",102,9.9,0.7,3,31.5,"Neutral","Summer","Female",3,4,5,5,TRUE
"Yagyu Munenori","Unlockable Servants","Saber","4",3,"187","12",1666,9999,1781,11135,12107,13501,14215,15868,"Yamaji Kazuhiro","Furumi Showichi","Man","Linear",100,10.3,0.81,3,35,"Lawful","Neutral","Male",4,2,1,4,FALSE
"Sigurd","Limited Servants","Saber","5",2,"213","16",1926,12465,2049,13975,13645,15310,16016,17994,"Tsuda Kenjiro","Miwa Shiro","Earth","S",97,10,0.62,3,28,"Neutral","Good","Male",4,3,2,5,FALSE
"Queen Medb (Saber)","Limited Servants","Saber","4",1,"221","12",1336,8017,2177,13609,9707,16501,11397,19393,"Sakura Ayane","Takayama Kisai","Earth","Reverse S",104,10,0.72,3,31.5,"Chaotic","Evil","Female",4,2,2,5,FALSE
"Diarmuid Ua Duibhne (Saber)","Unlimited","Saber","4",0,"223","12",1674,10048,1818,11362,12166,13776,14285,16191,"Midorikawa Hikaru","Azusa","Earth","Linear",97,10.2,0.73,3,31.5,"Lawful","Neutral","Male",4,3,4,4,FALSE
"Lanling Wang","Unlimited","Saber","4",4,"227","12",1518,9112,2020,12625,11033,15308,12954,17991,"Mori Nanako","hou","Man","Reverse S",98,10.2,0.65,3,31.5,"Lawful","Good","Male",3,3,2,5,FALSE
"Beni-enma","Limited Servants","Saber","5",1,"234","16",1793,11607,2047,13960,12706,15294,14914,17974,"Kuno Misaki","Harada Takehito","Earth","S",100,10.3,0.56,3,24.5,"Lawful","Good","Female",6,3,1,5,FALSE
"Lakshmibai","Unlimited","Saber","4",3,"245","12",1658,9949,1818,11362,12046,13776,14144,16191,"Satou Rina","Takeuchi Takashi","Man","Reverse S",96,10,1.01,3,28,"Lawful","Good","Female",3,2,4,5,FALSE
"Jason","Friend Point Only","Saber","1",3,"254","3",992,5457,1515,7575,8479,11677,9993,13731,"Hoshi Soichirou","BLACK","Earth","Semi Reverse S",102,10,0.37,3,31.5,"Lawful","Good","Male",3,4,1,4,FALSE
"Katsushika Hokusai (Saber)","Event Reward","Saber","4",5,"264","12",1564,9389,1899,11873,11368,14396,13348,16919,"Nogami Yukana","Kuroboshi Kouhaku","Man","Semi Reverse S",99,10,0.46,3,28.8,"Chaotic","Good","Female",4,4,4,5,TRUE
"Astolfo (Saber)","Limited Servants","Saber","5",2,"270","16",1807,11694,2089,14248,12801,15609,15025,18345,"Ookubo Rumi","Konoe Ototsugu","Earth","Reverse S",103,10.1,0.52,3,24.5,"Chaotic","Good","Unknown",3,3,4,7,FALSE
"Dioscuri","Unlimited","Saber","5",3,"278","16",1829,11840,2174,14824,12961,16240,15213,19087,"Uchida Yuuma Uchida Maaya","Taiki","Sky","Semi Reverse S",99,10,0.51,3,28,"Chaotic","Neutral","Unknown",5,4,2,5,FALSE
"Tomoe Gozen (Saber)","Limited Servants","Saber","4",0,"290","12",1590,9544,1957,12233,11556,14832,13568,17432,"Kanemoto Hisako","Shirabi","Earth","Linear",102,10,0.55,3,24.5,"Neutral","Good","Female",4,3,2,4,TRUE
"Saito Hajime","Limited Servants","Saber","4",1,"293","12",1570,9425,1899,11873,11412,14396,13399,16919,"Ishikawa Kaito","Ikezawa Shin","Man","Linear",102,10,0.76,3,35,"Lawful","Neutral","Male",4,2,2,4,FALSE
"Watanabe no Tsuna","Unlimited","Saber","4",0,"298","12",1687,10123,1799,11248,12257,13638,14391,16029,"Akabane Kenji","Hidari","Man","Semi Reverse S",100,10.2,0.6,3,28,"Neutral","Good","Male",4,3,2,5,FALSE
"Ibuki Doji","Limited Servants","Saber","5",1,"299","16",1964,12709,1979,13498,13912,14788,16330,17379,"Yuki Aoi","Honjou Raita","Sky","Linear",98,9.9,0.78,3,17.5,"Chaotic","Good","Female",4,3,3,5,FALSE
"Karna (Santa)","Event Reward","Saber","4",0,"301","12",1530,9180,2060,12877,11115,15613,13050,18350,"Yusa Kouji","pako","Sky","Semi S",99,10.2,0.78,3,31.5,"Lawful","Good","Male",4,3,3,5,FALSE
"Senji Muramasa","Limited Servants","Saber","5",2,"302","16",1757,11373,2153,14680,12449,16083,14613,18901,"Sugiyama Noriaki","Takeuchi Takashi","Man","Semi S",100,9.8,0.59,3,35,"Chaotic","Neutral","Male",2,3,3,5,FALSE
"Barghest","Unlockable Servants","Saber","4",3,"310","12",1453,8721,2163,13521,10559,16394,12398,19268,"Inoue Marina","melon22","Earth","Semi S",99,10.2,0.74,3,28,"Chaotic","Good","Female",5,3,2,5,FALSE
"Okita Soji (Saber Alter)","Limited Servants","Saber","5",2,"317","16",1926,12465,1999,13635,13645,14938,16016,17556,"Yuki Aoi Nakamura Yuuichi","Takeuchi Takashi","Man","Semi S",98,10,0.67,3,24.5,"True","Neutral","Unknown",5,4,3,5,TRUE
"Trung Sisters","Limited Servants","Saber","5",4,"337","16",1838,11898,2089,14248,13024,15609,15288,18345,"Kondo Reina Ito Kanae","Take","Man","Semi Reverse S",100,10.2,0.43,3,21,"Lawful","Good","Female",3,4,3,5,FALSE
"Charlemagne","Limited Servants","Saber","5",1,"343","16",1856,12015,2089,14248,13152,15609,15438,18345,"Kimura Ryohei","Wada Arco","Star","Semi S",102,10,0.48,3,21,"Lawful","Good","Male",4,3,5,5,FALSE
"Roland","Unlimited","Saber","4",1,"344","12",1614,9687,1966,12293,11729,14905,13771,17518,"Terashima Takuma","Sakamoto Mineji","Earth","Reverse S",100,10,0.83,3,28,"Lawful","Good","Male",3,2,3,5,FALSE
"EMIYA","Unlimited","Archer","4",6,"11","12",1566,9398,1843,11521,11379,13969,13360,16418,"Suwabe Jun'ichi","Takeuchi Takashi","Man","S",145,7.9,0.51,3,31.5,"True","Neutral","Male",2,3,1,5,FALSE
"Gilgamesh","Limited Servants","Archer","5",9,"12","16",1897,12280,1920,13097,13442,14348,15779,16863,"Seki Tomokazu","Takeuchi Takashi","Sky","Reverse S",153,7.9,0.34,3,31.5,"Chaotic","Good","Male",5,5,5,8,FALSE
"Robin Hood","Unlimited","Archer","3",2,"13","7",1247,6715,1833,10187,9088,13812,10673,16235,"Toriumi Kousuke","Wada Arco","Man","Linear",150,8,0.87,3,31.5,"Neutral","Good","Male",3,2,1,3,FALSE
"Atalanta","Unlimited","Archer","4",2,"14","12",1438,8633,1996,12476,10453,15127,12273,17778,"Hayami Saori","Rin Kususaga","Earth","Reverse S",148,8,0.5,3,31.5,"Neutral","Evil","Female",3,2,1,3,FALSE
"Euryale","Unlimited","Archer","3",1,"15","7",1306,7032,1711,9506,9517,12889,11177,15149,"Asakawa Yuu","AKIRA","Sky","Linear",156,7.9,0.9,3,22.5,"Chaotic","Good","Female",3,2,1,3,FALSE
"Arash","Friend Point Only","Archer","1",2,"16","3",1057,5816,1424,7122,9037,10979,10651,12911,"Tsuruoka Satoshi","BLACK","Earth","Linear",147,8,0.84,3,45,"Chaotic","Neutral","Male",3,2,1,3,FALSE
"Orion","Unlimited","Archer","5",1,"60","16",1716,11107,2134,14553,12158,15943,14271,18738,"Canna Nobutoshi Sawashiro Miyuki","I-IV","Sky","Semi Reverse S",153,8,1,3,27,"Chaotic","Neutral","Male",3,1,1,4,FALSE
"David","Unlimited","Archer","3",0,"63","7",1436,7736,1555,8643,10470,11719,12297,13774,"Nakamura Yuuichi","Ginka","Sky","Semi Reverse S",153,8,0.76,3,36,"Lawful","Neutral","Male",2,2,1,3,FALSE
"Oda Nobunaga","Event Reward","Archer","4",3,"69","12",1582,9494,1862,11637,11495,14110,13497,16583,"Kugimiya Rie","pako","Man","Linear",150,7.9,0.43,3,31.5,"Lawful","Neutral","Female",2,4,4,5,FALSE
"Nikola Tesla","Unlockable Servants","Archer","5",3,"77","16",1820,11781,2027,13825,12896,15146,15137,17800,"Inada Tetsu","Namaniku ATK","Star","Reverse S",147,7.9,0.87,3,31.5,"Chaotic","Good","Male",3,2,1,3,FALSE
"Arjuna","Unlimited","Archer","5",1,"84","16",1907,12342,1940,13230,13510,14494,15858,17034,"Shimazaki Nobunaga","pako","Sky","Semi Reverse S",154,8,0.51,3,31.5,"Lawful","Neutral","Male",2,3,3,5,FALSE
"Kid Gil","Unlimited","Archer","3",5,"95","7",1429,7696,1571,8731,10415,11838,12233,13914,"Endou Aya","Sky Sphere","Sky","Reverse S",153,7.9,0.62,3,36,"Chaotic","Good","Male",3,3,3,3,FALSE
"Billy the Kid","Unlimited","Archer","3",1,"105","7",1279,6890,1711,9506,9325,12889,10952,15149,"Takano Urara","Shimaudon","Man","Linear",150,8,0.56,3,45,"Chaotic","Neutral","Male",2,3,4,4,FALSE
"Tristan","Unlockable Servants","Archer","4",6,"122","12",1622,9735,1862,11637,11787,14110,13840,16583,"Uchiyama Kouki","Morii Shizuki","Earth","S",145,8.1,0.58,3,31.5,"Lawful","Good","Male",4,3,5,6,FALSE
"Tawara Tota","Unlimited","Archer","3",2,"125","7",1306,7032,1764,9800,9517,13287,11177,15618,"Suzumura Kenichi","Simosi","Man","Semi S",150,7.8,0.57,3,36,"Neutral","Good","Male",2,3,1,5,FALSE
"Artoria Pendragon (Archer)","Limited Servants","Archer","5",2,"129","16",1742,11276,2134,14553,12343,15943,14488,18738,"Kawasumi Ayako","Takeuchi Takashi","Earth","Linear",153,8,0.59,3,25.8,"Lawful","Good","Female",4,3,3,5,TRUE
"Anne Bonny & Mary Read (Archer)","Limited Servants","Archer","4",0,"131","12",1574,9446,1843,11521,11437,13969,13429,16418,"Nonaka Ai Kawasumi Ayako","I-IV","Man","Semi S",153,8.1,0.85,3,40.5,"Chaotic","Neutral","Female",3,2,1,5,TRUE
"Chloe von Einzbern","Event Reward","Archer","4",1,"137","12",1640,9845,1746,10914,11920,13239,13996,15553,"Saito Chiwa","Hiroyama Hiroshi","Sky","Reverse S",148,8,0.38,3,36,"Chaotic","Good","Female",3,6,2,4,FALSE
"Ishtar","Limited Servants","Archer","5",3,"142","16",1893,12252,2048,13965,13412,15299,15742,17981,"Ueda Kana","Morii Shizuki","Sky","Linear",153,8,0.45,3,22.5,"Lawful","Good","Female",4,4,1,7,FALSE
"James Moriarty","Limited Servants","Archer","5",3,"156","16",1820,11781,2007,13685,12896,14992,15137,17620,"Hashi Takaya","Honjou Raita","Man","Semi S",153,8,0.38,3,31.5,"Chaotic","Evil","Male",3,4,5,6,FALSE
"EMIYA (Alter)","Unlockable Servants","Archer","4",5,"157","12",1499,8996,1960,12250,10892,14853,12789,17456,"Suwabe Junichi","Sasaki Shonen","Man","Linear",145,7.9,0.43,3,31.5,"Chaotic","Evil","Male",4,4,4,5,FALSE
"Helena Blavatsky (Archer)","Limited Servants","Archer","4",1,"180","12",1574,9446,1824,11404,11437,13827,13429,16251,"Kanemoto Hisako","MatsuRyuu","Man","Linear",153,8,0.38,3,27,"Chaotic","Good","Female",3,5,1,3,TRUE
"Tomoe Gozen","Unlimited","Archer","4",1,"184","12",1657,9946,1728,10804,12043,13100,14140,15396,"Kanemoto Hisako","Shirabi","Earth","S",153,7.9,0.87,3,31.5,"True","Neutral","Female",3,2,2,5,FALSE
"Altera the San(ta)","Event Reward","Archer","4",3,"197","12",1626,9759,1862,11637,11816,14110,13874,16583,"Noto Mamiko","huke","Star","Linear",153,8.1,0.59,3,27,"Chaotic","Good","Female",3,3,3,4,FALSE
"Asagami Fujino","Limited Servants","Archer","4",1,"200","12",1716,10299,1764,11025,12470,13368,14641,15711,"Noto Mamiko","Takeuchi Takashi","Man","Reverse S",148,7.9,0.59,3,27,"Lawful","Evil","Female",3,3,3,5,FALSE
"Chiron","Unlimited","Archer","4",2,"207","12",1549,9294,1960,12250,11253,14853,13212,17456,"Takeuchi Shunsuke","Konoe Ototsugu","Sky","Reverse S",148,8.1,0.68,3,31.5,"Lawful","Good","Male",3,3,4,5,FALSE
"Napoléon","Unlimited","Archer","5",5,"212","16",1859,12033,1920,13097,13172,14348,15461,16863,"Hino Satoshi","Ryota-H","Star","Linear",150,8,0.59,3,45,"Neutral","Good","Male",3,3,1,5,FALSE
"Jeanne d'Arc (Archer)","Limited Servants","Archer","5",0,"216","16",1626,10525,2309,15743,11521,17247,13523,20270,"Sakamoto Maaya","Takeuchi Takashi","Man","Linear",153,8,0.68,3,36,"Lawful","Summer","Female",4,2,2,5,TRUE
"William Tell","Unlimited","Archer","3",3,"246","7",1371,7384,1675,9310,9993,12623,11737,14837,"Fujii Hayato","Takahashi Keitaro","Man","Semi S",148,8,0.66,3,45,"Lawful","Good","Male",3,3,3,5,FALSE
"Asvatthaman","Unlockable Servants","Archer","4",2,"248","12",1708,10249,1799,11245,12409,13634,14570,16024,"Suzuki Tatsuhisa","pako","Sky","Linear",153,8.1,0.58,3,31.5,"Chaotic","Neutral","Male",4,4,5,4,FALSE
"Paris","Friend Point Only","Archer","2",0,"255","4",1157,6523,1474,7834,9452,11306,11132,13297,"Terasaki Yuka","Rin Kususaga","Earth","Semi Reverse S",153,8,0.43,3,30.3,"True","Neutral","Male",3,4,3,4,FALSE
"Osakabehime (Archer)","Limited Servants","Archer","4",1,"262","12",1482,8895,1996,12476,10770,15127,12645,17778,"Fukuen Misato","Moriyama Daisuke","Earth","S",153,8,0.62,3,27,"Neutral","Summer","Female",4,3,3,5,TRUE
"Calamity Jane","Limited Servants","Archer","4",2,"269","12",1499,8996,1999,12495,10892,15150,12789,17805,"Touyama Nao","B-suke","Man","Linear",153,8,0.71,3,40.5,"Chaotic","Neutral","Female",3,3,2,4,FALSE
"Nightingale (Santa)","Event Reward","Archer","4",4,"271","12",1643,9858,1772,11080,11936,13434,14014,15789,"Sawashiro Miyuki","Takahashi Keitaro","Man","Linear",153,8,0.6,3,39.3,"Lawful","Good","Female",4,3,3,5,FALSE
"Super Orion","Limited Servants","Archer","5",2,"272","16",1940,12557,1979,13494,13746,14783,16134,17374,"Canna Nobutoshi","I-IV","Earth","Semi Reverse S",153,8,0.96,3,36,"Chaotic","Neutral","Male",3,3,1,5,FALSE
"Sei Shonagon","Limited Servants","Archer","5",2,"276","16",1888,12218,1901,12965,13374,14204,15699,16693,"Fairouz Ai","Mika Pikazo","Man","Semi S",153,8,0.57,3,36,"Chaotic","Good","Female",4,3,2,5,FALSE
"Illyasviel von Einzbern (Archer)","Limited Servants","Archer","4",1,"286","12",1683,10098,1746,10914,12226,13233,14355,15553,"Kadowaki Mai Takano Naoko","Hiroyama Hiroshi","Man","Semi Reverse S",148,8,0.63,3,31.5,"Neutral","Summer","Female",4,3,3,4,TRUE
"Oda Nobukatsu","Limited Servants","Archer","1",2,"294","3",930,5116,1512,7563,7949,11659,9368,13710,"Yamashita Daiki Kugimiya Rie","pako","Man","Reverse S",145,7.9,0.75,3,45,"Chaotic","Good","Male",3,3,2,4,FALSE
"Oda Nobukatsu","Friend Point Only","Archer","1",2,"294","3",930,5116,1512,7563,7949,11659,9368,13710,"Yamashita Daiki Kugimiya Rie","pako","Man","Reverse S",145,7.9,0.75,3,45,"Chaotic","Good","Male",3,3,2,4,FALSE
"Baobhan Sith","Unlockable Servants","Archer","4",4,"311","12",1575,9455,1940,12127,11448,14704,13442,17281,"Waki Azumi","Mochizuki Kei","Earth","Semi Reverse S",147,8.1,0.58,3,31.5,"Chaotic","Evil","Female",4,3,3,5,FALSE
"Anastasia & Viy","Limited Servants","Archer","4",1,"318","12",1590,9542,1806,11288,11553,13686,13565,16085,"Hara Yumi","sime","Man","Semi Reverse S",148,8,0.57,3,36,"Chaotic","Summer","Female",3,3,2,5,TRUE
"Zenobia","Unlimited","Archer","4",0,"325","12",1639,9831,1871,11695,11903,14180,13976,16665,"Shouji Umeka","Nishiide Kengorou","Man","Semi S",148,8.1,0.47,3,40.5,"Lawful","Good","Female",3,4,4,5,FALSE
"Zenobia","Unlimited","Archer","4",0,"325","12",1639,9831,1871,11695,11903,14180,13976,16665,"Shouji Umeka","Nishiide Kengorou","Man","Semi S",148,8.1,0.47,3,40.5,"Lawful","Good","Female",3,4,4,5,FALSE
"Cú Chulainn","Unlimited","Lancer","3",5,"17","7",1334,7239,1726,9593,9797,13007,11506,15288,"Canna Nobutoshi","Takeuchi Takashi","Sky","Reverse S",87,12.1,1.07,4,32,"Lawful","Neutral","Male",2,2,1,3,FALSE
"Elizabeth Báthory","Unlimited","Lancer","4",4,"18","12",1520,9122,1899,11870,11045,14392,12968,16915,"Ookubo Rumi","Wada Arco","Man","Linear",90,11.8,1.1,4,11.8,"Chaotic","Evil","Female",2,2,1,3,FALSE
"Musashibo Benkei","Friend Point Only","Lancer","2",2,"19","4",1029,5801,1722,9149,8406,13204,9900,15528,"Inada Tetsu","Shinjiro","Man","Reverse S",89,11.9,0.79,4,36,"Chaotic","Good","Male",2,2,1,3,FALSE
"Cú Chulainn (Prototype)","Unlimited","Lancer","3",7,"20","7",1315,7082,1817,10098,9584,13691,11257,16093,"Nakai Kazuya","Nakahara","Sky","S",88,12.1,1.08,4,28,"Lawful","Neutral","Male",2,2,1,3,FALSE
"Leonidas I","Friend Point Only","Lancer","2",0,"21","4",1168,6583,1498,7959,9539,11486,11234,13508,"Miki Shinichirou","Shimaudon","Man","Reverse S",89,11.8,1.07,4,32,"Lawful","Neutral","Male",2,2,1,3,FALSE
"Romulus","Unlimited","Lancer","3",3,"22","7",1344,7239,1779,9883,9797,13400,11506,15750,"Okiayu Ryoutarou","Koyama Hirokazu","Star","Linear",90,12.1,1.07,4,32,"Chaotic","Neutral","Male",2,2,1,3,FALSE
"Hector","Unlimited","Lancer","3",2,"64","7",1334,6928,1726,10200,9376,13829,11012,16255,"Yasui Kunihiko","BLACK","Man","Linear",90,12.2,1.08,4,28,"Lawful","Neutral","Male",2,2,1,3,FALSE
"Scáthach","Limited Servants","Lancer","5",3,"70","16",1758,11375,2174,14825,12452,16241,14615,19088,"Noto Mamiko","Koyama Hirokazu","Star","Linear",88,12.2,0.71,4,32,"Neutral","Good","Female",2,3,6,7,FALSE
"Diarmuid Ua Duibhne","Unlimited","Lancer","3",2,"71","7",1277,6877,1817,10098,9307,13691,10931,16093,"Midorikawa Hikaru","Mata","Earth","Reverse S",87,12.3,0.79,4,36,"Lawful","Neutral","Male",2,2,2,4,FALSE
"Artoria Pendragon (Lancer Alter)","Unlockable Servants","Lancer","4",2,"78","12",1661,9968,1881,11761,12069,14260,14171,16760,"Kawasumi Ayako","Ishida Akira","Sky","Semi S",88,11.8,0.74,4,23,"Lawful","Good","Female",2,3,1,4,FALSE
"Karna","Unlimited","Lancer","5",5,"85","16",1850,11976,1999,13632,13110,14934,15388,17552,"Yusa Kouji","pako","Sky","Reverse S",88,12.2,0.72,4,28,"Lawful","Good","Male",3,3,1,4,FALSE
"Fionn mac Cumhaill","Unlimited","Lancer","4",2,"87","12",1488,8930,2040,12750,10812,15459,12695,18169,"Miki Shinichirou","Moriyama Daisuke","Sky","Reverse S",89,12.3,0.55,4,32,"True","Neutral","Male",2,2,1,4,FALSE
"Brynhildr","Limited Servants","Lancer","5",3,"88","16",1766,11432,2174,14825,12514,16241,14689,19088,"Noto Mamiko","Miwa Shiro","Sky","Semi Reverse S",87,12.2,1.07,4,32,"Neutral","Good","Female",3,2,1,5,FALSE
"Li Shuwen (Lancer)","Unlockable Servants","Lancer","4",2,"102","12",1608,9653,1817,11360,11688,13774,13723,16188,"Yasui Kunihiko","Wada Arco","Man","S",87,12.2,0.52,4,40,"Neutral","Evil","Male",3,3,1,5,FALSE
"Artoria Pendragon (Lancer)","Unlockable Servants","Lancer","5",3,"119","16",1699,10995,2288,15606,12036,17097,14127,20094,"Kawasumi Ayako","Ishida Akira","Sky","Linear",89,12.2,1.1,4,24,"Lawful","Good","Female",3,2,1,5,FALSE
"Tamamo no Mae (Lancer)","Limited Servants","Lancer","5",2,"128","16",1657,10726,2221,15147,11741,16594,13782,19503,"Saito Chiwa","Wada Arco","Sky","Linear",91,12.2,1.05,4,40,"Neutral","Summer","Female",4,2,3,4,TRUE
"Kiyohime (Lancer)","Limited Servants","Lancer","4",0,"134","12",1489,8936,1899,11870,10820,14392,12704,16915,"Taneda Risa","BLACK","Earth","Linear",92,12,1.05,4,40,"Chaotic","Evil","Female",2,2,6,5,TRUE
"Vlad III (EXTRA)","Unlimited","Lancer","4",3,"140","12",1462,8775,2080,13005,10625,15769,12475,18533,"Egawa Hisao","Wada Arco","Man","S",88,11.6,1.1,4,24,"Lawful","Good","Male",3,2,3,5,FALSE
"Jeanne d'Arc (Alter) (Santa Lily)","Event Reward","Lancer","4",1,"141","12",1543,9261,1899,11870,11213,14392,13166,16915,"Sakamoto Maaya","Takeuchi Takashi","Man","Reverse S",92,12.1,0.72,4,28,"Chaotic","Good","Female",3,3,1,5,FALSE
"Enkidu","Unlimited","Lancer","5",2,"143","16",1666,10780,2244,15300,11800,16762,13851,19699,"Kobayashi Yu","Morii Shizuki","Sky","Reverse S",90,12,0.53,4,28,"True","Neutral","Unknown",4,5,1,6,FALSE
"Medusa (Lancer)","Unlimited","Lancer","4",4,"146","12",1375,8253,2099,13119,9993,15907,11733,18695,"Asakawa Yuu","BLACK","Earth","Semi Reverse S",89,12.2,0.44,4,40,"Neutral","Good","Female",3,4,1,5,FALSE
"Jaguar Man","Unlockable Servants","Lancer","3",2,"148","7",1304,7022,1726,9593,9503,13007,11161,15288,"Ito Miki","Aotsuki Takao","Earth","Semi Reverse S",90,12,1.05,4,40,"Chaotic","Neutral","Female",2,2,4,6,FALSE
"Minamoto no Raiko (Lancer)","Limited Servants","Lancer","4",2,"181","12",1528,9168,1938,12112,11100,14686,13033,17260,"Tomatsu Haruka","Honjou Raita","Sky","Linear",89,11.8,0.75,4,24,"Lawful","Good","Female",3,4,1,5,TRUE
"Parvati","Unlimited","Lancer","4",5,"183","12",1354,8127,2120,13253,9840,16069,11554,18886,"Shitaya Noriko","Aotsuki Takao","Sky","Semi-S",90,11.8,1.08,4,28,"Lawful","Good","Female",3,2,3,5,FALSE
"Hozoin Inshun","Unlimited","Lancer","3",2,"186","7",1261,6791,1799,9996,9191,13553,10794,15930,"Namikawa Daisuke","MatsuRyuu","Man","Reverse-S",90,12.2,1.06,4,36,"True","Neutral","Male",3,2,2,4,FALSE
"Nezha","Unlimited","Lancer","4",2,"193","12",1547,9284,1938,12112,11241,14686,13198,17260,"Ogura Yui","Aotsuki Takao","Sky","Linear",91,12.2,0.72,4,28,"Neutral","Good","Female",4,3,3,4,FALSE
"Ereshkigal","Limited Servants","Lancer","5",2,"196","16",1598,10343,2356,16065,11322,17600,13290,20684,"Ueda Kana","Morii Shizuki","Earth","Semi-S",90,11.8,0.54,4,28,"Chaotic","Evil","Female",4,6,1,4,FALSE
"Valkyrie","Unlimited","Lancer","4",6,"214","12",1339,8037,2244,14025,9731,17005,11426,19986,"Tanaka Minami Komatsu Mikako Amamiya Sora","Takeuchi Takashi","Sky","S",87,12,0.86,4,23,"Lawful","Good","Female",3,2,3,4,FALSE
"Ibaraki Doji (Lancer)","Limited Servants","Lancer","4",2,"217","12",1522,9133,1976,12354,11058,14979,12984,17605,"Touyama Nao","Hidari","Earth","Semi S",90,11.7,1.06,4,36,"Chaotic","Evil","Female",4,2,4,5,TRUE
"Qin Liangyu","Unlimited","Lancer","4",1,"228","12",1382,8295,2142,13387,10043,16231,11792,19076,"Shitaya Noriko","Shimadoriru","Man","S",91,12.1,0.79,4,36,"Lawful","Good","Female",4,2,3,4,FALSE
"Bradamante","Unlimited","Lancer","5",2,"232","16",1674,10833,2300,15682,11858,17180,13919,20191,"Morinaga Chitose","saitom","Earth","Linear",88,12.1,0.7,4,32,"Lawful","Good","Female",4,2,4,5,FALSE
"Nagao Kagetora","Event Reward","Lancer","4",3,"252","12",1602,9617,1817,11360,11644,13774,13672,16188,"Mizuki Nana","Takeuchi Takashi","Man","Reverse S",89,12.2,0.45,4,35,"Lawful","Good","Female",5,4,2,5,FALSE
"Gareth","Friend Point Only","Lancer","2",3,"256","4",960,5413,1795,9537,7844,13764,9238,16187,"Kuwahara Yuuki","Nekotawawa","Earth","Semi S",88,12.1,0.71,4,36,"Lawful","Good","Female",4,3,1,5,FALSE
"Mysterious Alter Ego <U+039B>","Limited Servants","Lancer","4",7,"266","12",1543,9261,1879,11749,11213,14246,13166,16743,"Hayami Saori","Wada Arco","Earth","Linear",91,12.1,0.76,4,28,"Lawful","Good","Female",4,2,3,5,TRUE
"Caenis","Unlockable Servants","Lancer","4",3,"279","12",1649,9896,1845,11532,11982,13982,14068,16433,"Komatsu Mikako","Azusa","Earth","Linear",90,12.2,0.86,4,36,"Neutral","Evil","Unknown",3,3,3,5,FALSE
"Romulus-Quirinus","Limited Servants","Lancer","5",7,"280","16",1896,12273,1999,13632,13435,14934,15770,17552,"Okiayu Ryoutarou","Koyama Hirokazu","Sky","Semi Reverse S",93,12.2,0.59,4,26,"Chaotic","Neutral","Unknown",4,3,3,5,FALSE
"Utsumi Erice","Event Reward","Lancer","4",2,"283","12",1520,9122,1918,11991,11045,14539,12968,17087,"Kito Akari","NOCO","Man","Semi S",87,12,0.63,4,32,"Lawful","Neutral","Female",4,3,3,5,FALSE
"Consort Yu (Lancer)","Event Reward","Lancer","4",5,"288","12",1649,9896,1799,11245,11982,13634,14068,16024,"Ise Mariya","toi8","Earth","Reverse S",89,12.2,1.1,4,24,"Lawful","Evil","Female",3,2,3,4,TRUE
"Vritra","Unlimited","Lancer","5",0,"300","16",1905,12332,1999,13632,13499,14934,15845,17552,"Asahina Madoka","La-na","Sky","Semi Reverse S",88,12.2,0.55,4,24,"Neutral","Evil","Female",4,3,2,5,FALSE
"Mélusine","Limited Servants","Lancer","5",4,"312","16",1878,12154,2070,14114,13304,15462,15617,18172,"Kouno Marika","CHOCO","Earth","S",90,12,0.65,4,23,"Neutral","Evil","Female",4,3,3,5,FALSE
"Percival","Unlimited","Lancer","4",2,"313","12",1528,9168,1938,12112,11100,14686,13033,17260,"Matsukaze Masaya","Shiramine","Earth","Linear",89,12,0.64,4,36,"Lawful","Good","Male",3,2,3,5,FALSE
"Sakamoto Ryoma (Lancer)","Limited Servants","Lancer","5",2,"329","16",1661,10753,2221,15147,11771,16594,13817,19503,"Kase Yasuyuki Horie Yui","pako","Man","S",91,12,0.47,4,32,"True","Neutral","Male",5,4,4,5,FALSE
"Mary Anning","Limited Servants","Lancer","1",0,"341","3",1013,5574,1438,7194,8661,10090,10207,13042,"Naganawa Maria","Riyo","Man","S",87,11.8,0.41,4,36,"True","Neutral","Female",3,3,3,5,FALSE
"Mary Anning","Friend Point Only","Lancer","1",0,"341","3",1013,5574,1438,7194,8661,10090,10207,13042,"Naganawa Maria","Riyo","Man","S",87,11.8,0.41,4,36,"True","Neutral","Female",3,3,3,5,FALSE
"Don Quixote","Unlimited","Lancer","4",1,"347","12",1440,8643,2019,12622,10465,15304,12287,17987,"Tobita Nobuo Arai Satomi","Murayama Ryota","Earth","S",93,11.8,0.71,4,32,"Lawful","Good","Male",5,3,2,5,FALSE
"Medusa","Unlimited","Rider","3",1,"23","7",1337,7200,1608,8937,9744,12117,11444,14243,"Asakawa Yuu","Takeuchi Takashi","Earth","Linear",194,9,0.58,3,35,"Chaotic","Good","Female",2,3,1,3,FALSE
"Georgios","Friend Point Only","Rider","2",1,"24","4",929,5236,1731,9200,7587,13278,8935,15615,"Saizen Tadahisa","Higashiguchi Chuuou","Man","Linear",205,8.9,0.85,3,45,"Lawful","Good","Male",2,2,1,3,FALSE
"Edward Teach","Friend Point Only","Rider","2",1,"25","4",1097,6188,1488,7907,8967,11411,10561,13420,"Saizen Tadahisa","B-suke","Man","S",198,8.8,0.56,3,45,"Chaotic","Evil","Male",2,3,1,3,FALSE
"Boudica","Unlimited","Rider","3",1,"26","7",1168,6289,1823,10130,8511,13735,9996,16144,"Saito Chiwa","Aotsuki Takao","Man","Linear",196,8.9,0.85,3,45,"Neutral","Good","Female",2,2,1,3,FALSE
"Ushiwakamaru","Unlimited","Rider","3",1,"27","7",1314,7076,1625,9028,9576,12240,11247,14387,"Hayami Saori","Sakamoto Mineji","Man","Reverse S",204,9.1,0.87,3,35,"Chaotic","Neutral","Female",2,2,1,3,FALSE
"Alexander","Unlimited","Rider","3",1,"28","7",1366,7356,1555,8640,9955,11714,11692,13769,"Sakamoto Maaya","BUNBUN","Man","Linear",205,9,0.86,3,40,"Neutral","Good","Male",2,2,1,3,FALSE
"Marie Antoinette","Unlimited","Rider","4",0,"29","12",1382,8293,1975,12348,10041,14972,11789,15596,"Taneda Risa","Ginka","Man","Reverse S",201,9,1,3,35,"Lawful","Good","Female",2,1,1,3,FALSE
"Martha","Unlimited","Rider","4",2,"30","12",1335,8014,2090,13068,9703,15845,11393,18622,"Hayami Saori","Sakamoto Mineji","Man","Linear",205,9,1.58,3,30,"Lawful","Good","Female",2,1,1,3,FALSE
"Francis Drake","Unlimited","Rider","5",3,"65","16",1750,11326,1881,12830,12398,14056,14553,16519,"Takano Urara","Wada Arco","Star","Reverse S",208,9,0.42,3,50,"Chaotic","Evil","Female",6,4,2,4,FALSE
"Anne Bonny & Mary Read","Unlimited","Rider","4",0,"66","12",1504,9029,1805,11286,10932,13684,12836,16083,"Nonaka Ai Kawasumi Ayako","I-IV","Man","Semi S",200,9.1,0.84,3,50,"Chaotic","Evil","Female",2,2,1,3,FALSE
"Artoria Pendragon (Santa Alter)","Event Reward","Rider","4",0,"73","12",1543,9258,1805,11286,11209,13684,13161,16083,"Kawasumi Ayako","Takeuchi Takashi","Man","Semi S",204,8.9,0.87,3,35,"Lawful","Good","Female",2,2,1,3,FALSE
"Astolfo","Unlimited","Rider","4",2,"94","12",1489,8937,1787,11172,10821,13546,12705,15920,"Ookubo Rumi","Konoe Ototsugu","Earth","Semi Reverse S",205,9,0.66,1,40,"Chaotic","Good","Unknown",2,2,1,4,FALSE
"Queen Medb","Unlockable Servants","Rider","5",2,"99","16",1591,10296,2048,13968,11270,15303,13229,17985,"Sakura Ayane","Takayama Kisai","Earth","Linear",208,9,0.86,3,40,"Chaotic","Evil","Female",3,2,1,7,FALSE
"Iskandar","Limited Servants","Rider","5",2,"108","16",1786,11560,1938,13219,12654,14482,14853,17020,"Ootsuka Akio","Takeuchi Takashi","Man","Reverse S",205,8.8,NA,3,40,"Neutral","Good","Male",3,2,1,6,FALSE
"Sakata Kintoki (Rider)","Event Reward","Rider","4",1,"115","12",1636,9819,1728,10800,11889,13095,13959,15390,"Yusa Koji","Honjou Raita","Earth","Reverse S",198,9,1.15,3,40,"Lawful","Good","Male",4,2,1,5,FALSE
"Ozymandias","Unlimited","Rider","5",5,"118","16",1850,11971,1881,12830,13104,14056,15381,16519,"Koyasu Takehito","Nakahara","Sky","Linear",205,9,0.59,3,30,"Chaotic","Neutral","Male",5,3,1,5,FALSE
"Mordred (Rider)","Limited Servants","Rider","4",2,"132","12",1535,9212,1824,11400,11154,13822,13096,16245,"Sawashiro Miyuki","Konoe Ototsugu","Earth","Semi Reverse S",204,9.2,0.71,3,35,"Chaotic","Good","Female",3,2,1,4,TRUE
"Quetzalcoatl","Unlockable Servants","Rider","5",7,"144","16",1854,12001,1900,12960,13137,14198,15420,16687,"Endou Aya","Hiroe Rei","Sky","Linear",205,9,0.9,3,25,"Lawful","Good","Female",3,2,3,5,FALSE
"Christopher Columbus","Unlockable Servants","Rider","3",4,"172","7",1216,6552,1728,9600,8867,13016,10415,15299,"Ootsuka Houchuu","Moto Murabito","Man","Linear",208,8.9,0.55,3,50,"Neutral","Evil","Male",3,3,4,5,FALSE
"Artoria Pendragon (Rider Alter)","Limited Servants","Rider","5",3,"179","16",1665,10776,2090,14256,11796,15618,13846,18355,"Kawasumi Ayako","Takeuchi Takashi","Man","Linear",200,9,0.59,3,30,"Lawful","Evil","Female",3,3,2,5,TRUE
"Ishtar (Rider)","Event Reward","Rider","4",3,"182","12",1600,9603,1710,10692,11627,12964,13652,15236,"Ueda Kana","Morii Shizuki","Sky","Reverse S",200,9,0.68,3,35,"Lawful","Good","Female",2,3,5,3,TRUE
"Ivan the Terrible","Limited Servants","Rider","5",7,"205","16",1795,11619,1948,13284,12719,14553,14929,17104,"Kuroda Takaya","danciao","Man","Reverse S",200,8.9,0.62,3,40,"Lawful","Evil","Male",4,3,2,4,FALSE
"Achilles","Unlimited","Rider","5",3,"206","16",1836,11883,1938,13219,13008,14482,15268,17020,"Furukawa Makoto","Konoe Ototsugu","Earth","Reverse S",196,9.1,0.57,3,40,"Lawful","Neutral","Male",4,3,2,4,FALSE
"Sakamoto Ryoma","Event Reward","Rider","4",3,"211","12",1425,8555,1900,11880,10358,14404,12162,16929,"Kase Yasuyuki Horie Yui","pako","Man","Linear",203,9,0.56,3,45,"True","Neutral","Male",4,3,4,6,FALSE
"Red Hare","Unlockable Servants","Rider","3",1,"231","7",1194,6434,1886,10483,8708,14214,10227,16707,"Midorikawa Hikaru","Midorikawa Miho","Earth","Semi Reverse S",198,9,0.57,3,40,"True","Neutral","Male",4,3,1,5,FALSE
"Sima Yi (Reines)","Limited Servants","Rider","5",2,"241","16",1766,11427,1986,13543,12509,14837,14682,17437,"Minase Inori","Sakamoto Mineji","Man","Linear",205,8.9,0.64,3,30,"True","Neutral","Female",3,4,4,5,FALSE
"Leonardo Da Vinci (Rider)","Limited Servants","Rider","5",3,"253","16",1681,10883,2069,14112,11913,15460,13984,18170,"Sakamoto Maaya","Simosi","Man","S",205,9,0.49,3,30,"Lawful","Good","Female",4,4,2,4,FALSE
"Bartholomew Roberts","Friend Point Only","Rider","1",2,"257","3",993,5461,1344,6720,8485,10359,10000,12182,"Kobayashi Chiaki","Mata","Man","Linear",200,8.9,0.65,3,45,"Chaotic","Evil","Male",3,2,2,4,FALSE
"Carmilla (Rider)","Limited Servants","Rider","4",1,"263","12",1608,9651,1676,10476,11685,12702,13720,14982,"Tanaka Atsuko","okojo","Earth","Reverse S",200,9.1,0.52,3,45,"Neutral","Evil","Female",4,4,3,4,TRUE
"Mandricardo","Unlimited","Rider","3",2,"273","7",1254,6756,1728,9600,9143,13016,10739,15299,"Masuda Toshiki","Ginka","Man","S",200,9,0.86,3,40,"True","Neutral","Male",3,2,1,4,FALSE
"Europa","Unlimited","Rider","5",1,"274","16",1813,11737,1843,12571,12848,13219,15081,16186,"M·A·O","redjuice","Sky","Linear",205,8.9,0.58,3,35,"Neutral","Good","Female",3,3,1,5,FALSE
"Odysseus","Unlimited","Rider","5",2,"277","16",1822,11795,1948,13284,12911,14553,15155,17104,"Kirimoto Takuya","redjuice","Earth","Reverse S",208,8.9,0.58,3,33.7,"Neutral","Good","Male",4,4,3,5,FALSE
"Murasaki Shikibu (Rider)","Limited Servants","Rider","4",2,"291","12",1455,8730,1900,11880,10570,14404,12411,16929,"Kayano Ai","Honjou Raita","Man","Linear",205,8.8,0.53,3,35,"Neutral","Good","Female",4,4,2,4,TRUE
"Nemo","Unlimited","Rider","5",6,"296","16",1766,11427,2006,13680,12509,14987,14682,17614,"Hanamori Yumiri","DANGERDROP","Sky","Semi S",204,8.9,0.59,3,30,"Chaotic","Neutral","Male",3,4,3,4,FALSE
"Habetrot","Unlockable Servants","Rider","4",2,"315","12",1440,8642,1881,11760,10464,14259,12286,16758,"Ito Ayasa","Hirai Yukio","Earth","Linear",205,9,0.57,3,40,"Neutral","Good","Female",4,3,2,4,FALSE
"Habetrot","Friend Point Only","Rider","4",2,"315","12",1440,8642,1881,11760,10464,14259,12286,16758,"Ito Ayasa","Hirai Yukio","Earth","Linear",205,9,0.57,3,40,"Neutral","Good","Female",4,3,2,4,FALSE
"Caenis (Rider)","Limited Servants","Rider","4",0,"322","12",1440,9506,1881,10854,10464,14259,14068,16433,"Komatsu Mikako","Azusa","Earth","Reverse S",204,9.1,0.66,3,45,"Neutral","Summer","Unknown",3,3,3,4,TRUE
"Elizabeth Báthory (Cinderella)","Event Reward","Rider","4",0,"326","12",1527,9166,1769,11058,11098,13408,13031,15758,"Ookubo Rumi","Wada Arco","Man","Linear",205,9.1,0.87,3,35,"Chaotic","Neutral","Female",4,2,3,4,FALSE
"Tai Gong Wang","Unlimited","Rider","5",3,"331","16",1800,11651,1986,13543,12754,14837,14970,17437,"Maeno Tomoaki","Oyo","Earth","Semi Reverse S",205,9.1,0.6,3,25,"Neutral","Good","Male",4,3,3,5,FALSE
"Dobrynya Nikitich","Unlimited","Rider","4",1,"332","12",1632,9795,1710,10692,11860,12964,13925,15236,"Mineda Mayu","Robina","Earth","Linear",205,9,0.86,3,40,"Neutral","Good","Female",3,2,3,5,FALSE
"Constantine XI","Limited Servants","Rider","5",2,"342","16",1688,10923,2046,13953,11957,15286,14035,17965,"Kamio Shinichiro","Kurahana Chinatsu","Man","Linear",198,8.9,0.52,3,45,"Lawful","Good","Male",4,4,3,5,FALSE
"Medea","Unlimited","Caster","3",1,"31","7",1377,7418,1555,8643,10039,11719,11791,13774,"Tanaka Atsuko","Nekotawawa","Earth","S",50,10.9,1.64,3,34.5,"Neutral","Evil","Female",2,1,1,3,FALSE
"Gilles de Rais","Unlockable Servants","Caster","3",2,"32","7",1209,6514,1711,9506,8816,12889,10354,15149,"Tsuruoka Satoshi","Azusa","Man","S",48,10.8,1.58,3,48,"Chaotic","Evil","Male",2,1,1,3,FALSE
"Hans Christian Andersen","Friend Point Only","Caster","2",0,"33","4",1021,5758,1597,8484,8344,12244,9827,14399,"Koyasu Takehito Tanaka Rie","Wada Arco","Man","S",48,10.8,1.66,3,30,"Lawful","Neutral","Male",2,1,1,3,FALSE
"William Shakespeare","Friend Point Only","Caster","2",1,"34","4",1028,5798,1520,8080,8402,11661,9895,13715,"Inada Tetsu","Konoe Ototsugu","Man","S",50,10.8,1.59,3,45,"True","Neutral","Male",2,1,1,3,FALSE
"Mephistopheles","Unlimited","Caster","3",0,"35","7",1270,6839,1659,9216,9255,12495,10870,14687,"Koyasu Takehito","Simosi","Earth","Reverse S",50,11,0.81,3,36,"Chaotic","Evil","Male",2,2,1,3,FALSE
"Wolfgang Amadeus Mozart","Friend Point Only","Caster","1",1,"36","3",944,5195,1425,7129,8072,10990,9514,12924,"Seki Tomokazu","PFALZ","Star","Linear",49,11,1.6,3,40.5,"Neutral","Good","Male",2,1,1,3,FALSE
"Zhuge Liang (Lord El-Melloi II)","Unlimited","Caster","5",4,"37","16",1637,10598,2091,14259,11601,15621,13617,18359,"Namikawa Daisuke","Takeuchi Takashi","Man","S",50,10.8,1.64,3,34.5,"Neutral","Good","Male",2,1,1,3,FALSE
"Cú Chulainn (Caster)","Unlockable Servants","Caster","3",3,"38","8",1222,6580,1728,9604,8905,13022,10459,15306,"Canna Nobutoshi","Mata","Sky","Reverse S",49,10.9,1.6,3,42,"Lawful","Neutral","Male",2,1,1,3,FALSE
"Elizabeth Báthory (Halloween)","Event Reward","Caster","4",2,"61","12",1436,8616,1824,11404,10432,13827,12249,16251,"Ookubo Rumi","Wada Arco","Man","Semi Reverse S",49,10.8,1.6,3,42,"Chaotic","Evil","Female",2,1,1,4,FALSE
"Tamamo no Mae","Unlimited","Caster","5",3,"62","16",1629,10546,2091,14259,11544,15621,13551,18359,"Saito Chiwa","Wada Arco","Sky","Linear",49,11,0.32,3,36,"Neutral","Evil","Female",3,5,1,4,FALSE
"Medea (Lily)","Unlockable Servants","Caster","4",0,"67","12",1294,7766,2091,13070,9403,15847,11040,18625,"Nonaka Ai","Koyama Hirokazu","Earth","Reverse S",51,10.7,0.4,3,36,"Lawful","Good","Female",4,4,3,5,FALSE
"Nursery Rhyme","Unlimited","Caster","4",1,"74","12",1438,8629,1901,11882,10448,14407,12267,16932,"Nonaka Ai","Wada Arco","Man","Linear",50,10.8,0.54,3,36,"True","Neutral","Female",3,3,1,3,FALSE
"Paracelsus von Hohenheim","Unlimited","Caster","3",0,"79","7",1246,6711,1711,9506,9082,12889,10667,15149,"Miki Shinichirou","Nakahara","Man","Linear",50,10.8,0.55,3,36,"Chaotic","Good","Male",2,2,1,3,FALSE
"Charles Babbage","Unlimited","Caster","3",2,"80","7",1113,5996,1959,10887,8115,14761,9531,17350,"Inada Tetsu","I-IV","Man","S",48,10.8,0.91,3,36,"Chaotic","Neutral","Male",2,2,1,3,FALSE
"Solomon","Unplayable Servants","Caster","5",4,"83","16",1645,10650,2091,14259,11658,15621,NA,NA,"Sugita Tomokazu","Takeuchi Takashi","Sky","Linear",51,11,1.64,3,33,"Lawful","Good","Male",2,1,1,3,FALSE
"Helena Blavatsky","Unlimited","Caster","4",4,"100","12",1438,8629,1901,11882,10448,14407,12267,16932,"Kanemoto Hisako","MatsuRyuu","Man","Linear",51,10.7,0.45,3,36,"Chaotic","Good","Female",6,3,1,3,FALSE
"Thomas Edison","Unlockable Servants","Caster","4",2,"103","12",1325,7952,1901,11882,9628,14407,11305,16932,"Terashima Takuma","pako","Man","Semi Reverse S",51,10.6,0.51,3,60,"Lawful","Neutral","Male",3,3,3,5,FALSE
"Geronimo","Unlimited","Caster","3",2,"104","7",1273,6857,1642,9123,9280,12369,10899,14539,"Egawa Hisao","Sakamoto Mineji","Man","Linear",49,11,0.9,3,40.5,"Neutral","Good","Male",2,2,1,4,FALSE
"Irisviel (Dress of Heaven)","Event Reward","Caster","4",4,"111","12",1372,8237,1996,12476,9973,15127,11710,17778,"Ohara Sayaka","Shimaudon","Sky","Semi Reverse S",50,10.8,0.42,3,34.5,"Chaotic","Good","Female",3,3,3,4,FALSE
"Xuanzang Sanzang","Unlimited","Caster","5",1,"113","16",1801,11658,1901,12965,12761,14204,14979,16693,"Komatsu Mikako","Okazaki Takeshi","Man","S",52,11,0.82,3,34.5,"Lawful","Good","Female",3,2,1,6,FALSE
"Nitocris","Unlimited","Caster","4",2,"120","12",1510,9060,1806,11288,10970,13686,12880,16085,"Tanaka Minami","Shimaudon","Earth","Reverse S",50,10.8,0.54,3,36,"Lawful","Good","Female",4,3,3,5,FALSE
"Leonardo Da Vinci","Limited Servants","Caster","5",3,"127","16",1637,10598,2091,14259,11601,15621,13617,18359,"Sakamoto Maaya","Simosi","Star","Semi S",50,10.8,0.54,3,34.5,"Chaotic","Good","Female",4,3,1,4,FALSE
"Marie Antoinette (Caster)","Limited Servants","Caster","4",0,"130","12",1510,9060,1824,11404,10970,13827,12880,16251,"Taneda Risa","Ginka","Man","Reverse S",50,10.9,0.32,3,36,"Lawful","Good","Female",3,5,1,4,TRUE
"Illyasviel von Einzbern","Limited Servants","Caster","5",1,"136","16",1677,10857,2027,13825,11885,15146,13950,17800,"Kadowaki Mai Takano Naoko","Hiroyama Hiroshi","Man","Reverse S",51,10.7,0.32,3,42,"Neutral","Good","Female",3,5,1,5,FALSE
"Gilgamesh (Caster)","Unlimited","Caster","4",1,"145","12",1410,8460,1920,12005,10243,14556,12027,17108,"Seki Tomokazu","Ginka","Man","Semi S",51,10.9,NA,3,42,"Lawful","Good","Male",2,5,6,5,FALSE
"Merlin","Limited Servants","Caster","5",1,"150","16",1629,10546,2091,14259,11544,15621,13551,18359,"Sakurai Takahiro Kawasumi Ayako","Taiki","Earth","Semi S",49,10.8,0.81,3,36,"Lawful","Good","Male",3,2,5,6,FALSE
"Solomon (True)","Unplayable Servants","Caster","5",3,"152","16",1645,10650,2091,14259,11658,15621,NA,NA,"Suzumura Kenichi","Takeuchi Takashi","Earth","Linear",51,11,1.85,3,33,"Lawful","Good","Male",1,1,1,1,FALSE
"Scheherazade","Unlimited","Caster","5",2,"169","16",1423,9212,2324,15846,10084,17360,11836,20402,"Inoue Kikuko","Namaniku ATK","Man","Semi S",52,10.8,0.51,3,48,"Lawful","Neutral","Female",4,3,4,4,FALSE
"Nero Claudius (Caster)","Limited Servants","Caster","5",0,"175","16",1677,10857,2007,13685,11885,14992,13950,17620,"Tange Sakura","Wada Arco","Man","S",51,11.1,0.4,3,42,"Chaotic","Summer","Female",4,6,2,6,TRUE
"Circe","Unlimited","Caster","4",1,"192","12",1445,8671,1960,12250,10499,14853,12327,17456,"Akaneya Himika","Hidari","Sky","Reverse S",51,10.8,0.39,3,34.5,"Chaotic","Neutral","Female",3,3,2,4,FALSE
"Queen of Sheba","Unlockable Servants","Caster","4",4,"194","12",1438,8629,1940,12127,10448,14704,12267,17281,"Satou Satomi","Katou Itsuwa","Man","Semi Reverse S",51,10.8,0.81,3,36,"Neutral","Good","Female",4,3,4,5,FALSE
"Anastasia Nikolaevna Romanova","Unlimited","Caster","5",2,"201","16",1629,10546,2091,14259,11544,15621,13551,18359,"Hara Yumi","sime","Man","S",49,10.8,0.51,3,36,"True","Neutral","Female",4,3,3,5,FALSE
"Avicebron","Unlimited","Caster","3",2,"203","7",1184,6376,1796,9981,8629,13533,10135,15906,"Miyamoto Mitsuru","Konoe Ototsugu","Man","S",50,10.7,0.61,3,36,"Lawful","Neutral","Male",4,2,4,5,FALSE
"Sieg","Event Reward","Caster","4",3,"208","12",1399,8394,1806,11288,10163,13686,11933,16085,"Hanae Natsuki","Konoe Ototsugu","Man","Linear",50,10.8,0.78,3,54,"Neutral","Good","Male",3,2,3,4,FALSE
"Scáthach-Skaði","Limited Servants","Caster","5",5,"215","16",1661,10753,2112,14406,11771,15782,13817,18549,"Noto Mamiko","Koyama Hirokazu","Sky","Linear",49,10.8,0.67,3,30,"Chaotic","Good","Female",4,3,4,5,FALSE
"Shuten Doji (Caster)","Event Reward","Caster","4",2,"225","12",1589,9538,1764,11025,11549,13368,13560,15711,"Yuki Aoi","Honjou Raita","Earth","Reverse S",50,11,0.46,3,34.5,"Chaotic","Evil","Female",4,4,2,5,FALSE
"Miyu Edelfelt","Limited Servants","Caster","4",3,"236","12",1438,8629,1920,12005,10448,14556,12267,17108,"Nazuka Kaori Kakazu Yumi","Hiroyama Hiroshi","Man","S",49,10.9,0.81,3,36,"Lawful","Good","Female",3,2,3,4,FALSE
"Murasaki Shikibu","Limited Servants","Caster","5",2,"237","16",1757,11374,1882,12833,12451,14059,14614,16523,"Kayano Ai","Honjou Raita","Man","S",51,10.7,0.45,3,42,"Neutral","Good","Female",4,4,4,5,FALSE
"Asclepius","Unlockable Servants","Caster","3",3,"249","7",1184,6376,1815,10084,8629,13672,10135,16070,"Suzuki Ryouta","Teita","Earth","Linear",49,11,0.81,3,36,"True","Neutral","Male",4,2,2,4,FALSE
"Chen Gong","Friend Point Only","Caster","2",4,"258","4",1085,6119,1459,7755,8867,11192,10443,13163,"Madono Mitsuaki","Wada Arco","Man","Semi-Reverse S",49,11,0.4,3,42,"Chaotic","Good","Male",3,4,1,4,FALSE
"Artoria Caster","Limited Servants","Caster","5",2,"284","16",1629,10546,2112,14406,11544,15782,13551,18549,"Kawasumi Ayako","Takeuchi Takashi","Star","S",50,11,0.54,3,36,"Neutral","Good","Female",3,3,3,5,FALSE
"Miss Crane","Limited Servants","Caster","5",1,"307","16",1506,9749,2195,14971,10672,16401,12526,19276,"Mizuhashi Kaori","Shaka P","Earth","Linear",49,10.8,0.39,3,46.5,"Neutral","Good","Female",3,4,2,5,FALSE
"Charlotte Corday (Caster)","Limited Servants","Caster","4",0,"319","12",1402,8417,1901,11882,10191,14407,11966,16932,"Horie Yui","Aotsuki Takao","Man","Linear",51,10.7,0.53,3,45,"Chaotic","Summer","Female",3,3,3,4,TRUE
"Izumo no Okuni","Limited Servants","Caster","5",1,"327","16",1757,11374,1901,12965,12451,14204,14614,16693,"Uesaka Sumire MAFIA Kajita","NOCO","Man","Linear",51,10.9,0.8,3,42,"Chaotic","Good","Female",4,3,3,5,FALSE
"Martha (Santa)","Event Reward","Caster","4",0,"330","12",1366,8197,2016,12605,9925,15284,11653,17963,"Hayami Saori","Sakamoto Mineji","Man","Linear",51,10.8,0.66,3,36,"Lawful","Good","Female",4,3,3,4,FALSE
"Daikokuten","Limited Servants","Caster","4",0,"340","12",1438,8629,1901,11882,10448,14407,12267,16932,"Takeda Hana","Riyo","Sky","Linear",51,10.7,0.55,3,36,"Neutral","Good","Female",5,3,3,5,FALSE
"Zhang Jue","Unlimited","Caster","3",1,"348","7",1252,6744,1711,9506,9127,12889,10720,12949,"Chiba Shigeru","Kawaguchitakeshi","Man","Semi S",51,10.7,0.61,3,34.5,"Chaotic","Good","Male",4,3,3,4,FALSE
"Sasaki Kojiro","Friend Point Only","Assassin","1",5,"39","3",1042,5735,1244,6220,8912,9588,10503,11275,"Miki Shinichirou","Mata","Man","Reverse S",102,25.3,1.05,4,55,"Neutral","Evil","Male",2,2,1,4,FALSE
"Hassan of the Cursed Arm","Friend Point Only","Assassin","2",3,"40","4",1114,6280,1429,7594,9100,10960,10717,12889,"Inada Tetsu","Task Ohna","Man","Linear",97,25.2,1.07,4,44,"Lawful","Evil","Male",3,2,1,3,FALSE
"Stheno","Unlimited","Assassin","4",0,"41","12",1497,8985,1843,11518,10879,13965,12773,16413,"Asakawa Yuu","AKIRA","Sky","Linear",104,25,2.26,4,27.5,"Chaotic","Good","Female",2,1,1,3,FALSE
"Jing Ke","Unlimited","Assassin","3",1,"42","7",1338,7207,1492,8293,9754,11244,11456,13216,"Tanaka Atsuko","Takahashi Keitaro","Man","Reverse S",98,25.2,1.05,4,55,"Chaotic","Good","Female",2,2,1,3,FALSE
"Charles-Henri Sanson","Friend Point Only","Assassin","2",0,"43","4",968,5456,1568,8309,7906,11991,9311,14102,"Miyano Mamoru","Shimadoriru","Man","S",102,24.8,1.06,4,49.5,"Lawful","Evil","Male",2,2,1,3,FALSE
"Phantom of the Opera","Friend Point Only","Assassin","2",2,"44","4",1003,5654,1580,8393,8193,12112,9649,14245,"Okiayu Ryoutarou","Shimaudon","Earth","Linear",98,25.2,0.71,4,49.5,"Chaotic","Evil","Male",2,3,2,3,FALSE
"Mata Hari","Friend Point Only","Assassin","1",2,"45","3",977,5377,1313,6565,8355,10120,9847,11901,"Taneda Risa","Koyama Hirokazu","Man","Reverse S",98,24.6,2.1,4,55,"Chaotic","Neutral","Female",2,1,1,3,FALSE
"Carmilla","Unlimited","Assassin","4",1,"46","12",1568,9408,1675,10473,11391,12698,13375,14924,"Tanaka Atsuko","okojo","Earth","S",98,25.2,2.15,4,44,"Chaotic","Evil","Female",2,1,1,3,FALSE
"Jack the Ripper","Unlimited","Assassin","5",3,"75","16",1786,11557,1862,12696,12651,13909,14849,16347,"Tange Sakura","Konoe Ototsugu","Earth","Semi Reverse S",97,25.5,1.07,4,44,"Chaotic","Evil","Female",5,2,2,4,FALSE
"Henry Jekyll & Hyde","Unlimited","Assassin","3",2,"81","7",1173,6320,1741,9675,8553,13118,10046,15419,"Miyano Mamoru","Nakahara","Earth","Linear",99,25.6,1.05,4,55,"Lawful","Good","Male",2,2,1,3,FALSE
"Henry Jekyll & Hyde","Unlimited","Assassin","3",2,"81","7",1173,6320,1741,9675,8553,13118,10046,15419,"Miyano Mamoru","Nakahara","Earth","Linear",99,25.6,1.05,4,55,"Lawful","Good","Male",2,2,1,3,FALSE
"Mysterious Heroine X","Limited Servants","Assassin","5",3,"86","16",1817,11761,1862,12696,12874,13909,15112,16347,"Kawasumi Ayako","BUNBUN","Star","Linear",98,25.6,0.81,4,38.5,"Chaotic","Good","Female",4,2,1,4,FALSE
"Ryogi Shiki (Assassin)","Event Reward","Assassin","4",1,"92","12",1477,8867,1768,11055,10736,13404,12606,15754,"Sakamoto Maaya","Takeuchi Takashi","Man","Linear",102,25.6,0.8,4,44,"Chaotic","Good","Female",4,2,1,5,FALSE
"EMIYA (Assassin)","Unlimited","Assassin","4",2,"109","12",1493,8958,1786,11168,10846,13541,12735,15915,"Koyama Rikiya Ohara Sayaka","AKIRA","Man","Semi Reverse S",97,25.6,NA,4,44,"Chaotic","Evil","Male",4,2,6,8,FALSE
"Hassan of the Hundred Faces","Unlimited","Assassin","3",3,"110","7",1241,6686,1675,9310,9049,12623,10628,14837,"Abe Akina","Task Ohna","Man","Semi S",97,25.5,NA,4,44,"Lawful","Evil","Female",3,3,1,6,FALSE
"Shuten Doji","Limited Servants","Assassin","5",3,"112","16",1853,11993,1881,12825,13128,14050,15410,16513,"Yuki Aoi","Honjou Raita","Earth","Semi Reverse S",98,25,0.55,4,31.6,"Chaotic","Evil","Female",4,3,1,6,FALSE
"Fuma Kotaro","Unlimited","Assassin","3",2,"117","7",1316,7091,1592,8844,9597,11991,11272,14094,"Hanae Natsuki","Sasaki Shonen","Man","Reverse S",100,25.6,0.54,4,38.5,"Chaotic","Evil","Male",4,4,1,4,FALSE
"Hassan of the Serenity","Unlimited","Assassin","3",1,"124","7",1232,6636,1675,9310,8981,12623,10548,14837,"Senbongi Sayaka","Nakahara","Man","Semi Reverse S",102,25.6,0.53,4,44,"Lawful","Evil","Female",3,3,4,5,FALSE
"Scáthach (Assassin)","Event Reward","Assassin","4",0,"133","12",1508,9049,1786,11168,10956,13541,12864,15915,"Noto Mamiko","Koyama Hirokazu","Star","Linear",98,25.6,0.71,4,44,"Neutral","Good","Female",3,3,3,5,TRUE
"Cleopatra","Limited Servants","Assassin","5",1,"139","16",1713,11088,1965,13402,12138,14682,14247,17256,"Kugimiya Rie","Komatsuzaki Rui","Man","Linear",98,25.5,1.06,4,49.5,"Lawful","Neutral","Female",4,2,3,6,FALSE
"""The Old Man of the Mountain""","Limited Servants","Assassin","5",3,"154","16",1831,11848,1956,13338,12969,14612,15223,17173,"Nakata Jouji","Ryota-H","Man","S",98,25.5,1,4,49.5,"Lawful","Evil","Male",5,3,1,6,FALSE
"Yan Qing","Unlimited","Assassin","4",5,"159","12",1443,8661,1862,11637,10487,14110,12313,16583,"Okamoto Nobuhiko","Shimaudon","Man","Semi Reverse S",100,25.6,0.71,4,49.5,"Chaotic","Evil","Male",3,3,1,5,FALSE
"Wu Zetian","Unlimited","Assassin","4",4,"170","12",1496,8981,1750,10942,10874,13267,12768,15593,"Izawa Shiori","Harada Takehito","Man","Reverse S",102,25.5,0.87,4,38.5,"Lawful","Evil","Female",3,3,3,3,FALSE
"Nitocris (Assassin)","Limited Servants","Assassin","4",1,"177","12",1468,8812,1843,11518,10670,13965,12528,16413,"Tanaka Minami","Shimaudon","Sky","Reverse S",102,25,0.78,3,33,"Lawful","Good","Female",3,2,1,4,TRUE
"Mochizuki Chiyome","Unlimited","Assassin","4",1,"185","12",1418,8510,1862,11637,10304,14110,12098,16583,"Sakura Ayane","Hiroyama Hiroshi","Earth","Linear",99,25.5,0.8,4,44,"Chaotic","Evil","Female",3,2,3,4,FALSE
"Mochizuki Chiyome","Unlimited","Assassin","4",1,"185","12",1418,8510,1862,11637,10304,14110,12098,16583,"Sakura Ayane","Hiroyama Hiroshi","Earth","Linear",99,25.5,0.8,4,44,"Chaotic","Evil","Female",3,2,3,4,FALSE
"Kato Danzo","Unlockable Servants","Assassin","4",4,"188","12",1489,8935,1768,11055,10818,13404,12702,15754,"Akesaka Satomi","Soga Makoto","Earth","Semi-Reverse S",100,25.5,0.71,4,44,"True","Neutral","Female",4,3,2,5,FALSE
"Osakabehime","Unlimited","Assassin","5",1,"189","16",1672,10824,2027,13822,11849,15143,13908,17796,"Fukuen Misato","Moriyama Daisuke","Earth","Linear",102,24.6,0.83,4,31.6,"Chaotic","Neutral","Female",4,2,3,5,FALSE
"Semiramis","Limited Servants","Assassin","5",1,"199","16",1747,11309,1945,13266,12379,14533,14531,17081,"Shindou Kei","Konoe Ototsugu","Earth","S",102,24.7,0.39,4,33,"Lawful","Evil","Female",4,4,4,5,FALSE
"Okada Izo","Limited Servants","Assassin","3",5,"210","7",1277,6879,1592,8844,9310,11991,10934,14094,"Yoshino Hiroyuki","lack","Man","Semi-Reverse S",97,25,0.79,4,55,"Neutral","Evil","Male",4,2,1,5,FALSE
"Ushiwakamaru (Assassin)","Limited Servants","Assassin","4",1,"218","12",1576,9456,1692,10580,11449,12828,13443,15077,"Hayami Saori","Sakamoto Mineji","Man","Semi Reverse S",102,25.3,0.54,4,38.5,"Neutral","Summer","Female",4,4,3,6,TRUE
"Consort Yu","Unlockable Servants","Assassin","4",5,"230","12",1328,7970,2142,13389,9650,16234,11330,19079,"Ise Mariya","toi8","Earth","Reverse S",97,24.7,0.75,4,31.6,"Lawful","Evil","Female",4,4,3,4,FALSE
"Li Shuwen","Unlockable Servants","Assassin","5",5,"235","16",1772,11470,1843,12568,12556,13769,14738,16182,"Yasui Kunihiko","Wada Arco","Man","S",97,25.3,0.99,4,55,"Neutral","Evil","Male",4,2,1,5,FALSE
"Kama","Limited Servants","Assassin","5",3,"239","16",1781,11528,1890,12889,12619,14120,14812,16595,"Shitaya Noriko","ReDrop","Sky","Semi S",100,25,0.74,4,31.6,"Chaotic","Evil","Female",4,3,4,5,FALSE
"Gray","Event Reward","Assassin","4",0,"243","12",1576,9456,1692,10580,11449,12828,13443,15077,"Ueda Reina Ono Daisuke","Sakamoto Mineji","Man","S",99,25,0.71,4,44,"Lawful","Good","Female",3,3,2,5,FALSE
"Charlotte Corday","Friend Point Only","Assassin","1",2,"259","3",997,5488,1244,6220,8528,9588,10050,11275,"Horie Yui","Aotsuki Takao","Man","Reverse S",100,24.7,0.52,4,55,"Neutral","Good","Female",3,3,1,5,FALSE
"Okita J Soji","Limited Servants","Assassin","4",2,"267","12",1556,9337,1658,10366,11305,12569,13274,14772,"Yuki Aoi","Takeuchi Takashi","Man","Reverse S",99,25.3,0.92,4,49.5,"Neutral","Summer","Female",5,3,1,5,TRUE
"Kiichi Hogen","Event Reward","Assassin","4",4,"304","12",1572,9434,1786,11168,11423,13541,13412,15915,"Kakuma Ai","Ohmori Aoi","Earth","Semi Reverse S",100,25.6,0.56,4,27.5,"Chaotic","Neutral","Unknown",3,4,3,4,FALSE
"Koyanskaya of Light","Limited Servants","Assassin","5",3,"314","16",1795,11616,1918,13081,12715,14331,14925,16842,"Saito Chiwa","Wada Arco","Beast","S",102,25.5,0.76,4,33,"Lawful","Evil","Female",4,4,3,5,FALSE
"Heracles","Unlimited","Berserker","4",2,"47","12",1775,10655,1652,10327,12901,12521,15148,14716,"Saizen Tadahisa","Azusa","Sky","Reverse S",10,5,1.07,5,39,"Chaotic","Insane","Male",2,2,1,3,FALSE
"Lancelot","Unlimited","Berserker","4",2,"48","12",1746,10477,1652,10327,12685,12521,14894,14716,"Okiayu Ryoutarou","Koyama Hirokazu","Earth","S",10,5,0.5,5,52,"Lawful","Insane","Male",2,2,1,3,FALSE
"Lu Bu Fengxian","Unlimited","Berserker","3",3,"49","7",1507,8119,1494,8302,10988,11256,12906,13230,"Yasui Kunihiko","Wada Arco","Man","Reverse S",9,5,1.04,5,50.3,"Chaotic","Evil","Male",2,2,1,3,FALSE
"Spartacus","Friend Point Only","Berserker","1",1,"50","3",922,5073,1544,7722,7883,11904,9290,13998,"Tsuruoka Satoshi","Konoe Ototsugu","Man","Reverse S",9,4.9,1.01,5,65,"True","Neutral","Male",2,2,1,3,FALSE
"Sakata Kintoki","Limited Servants","Berserker","5",4,"51","16",1964,12712,1782,12150,13915,13311,16334,15644,"Yusa Koji","Honjou Raita","Man","Reverse S",9,5,1.03,5,52,"Lawful","Good","Male",2,2,1,3,FALSE
"Vlad III","Unlimited","Berserker","5",3,"52","16",1777,11499,2019,13770,12587,15086,14775,17730,"Okiayu Ryoutarou","Maeda Hirotaka","Earth","S",9,4.9,0.5,5,45.5,"Chaotic","Evil","Male",2,2,1,3,FALSE
"Asterios","Friend Point Only","Berserker","1",1,"53","3",1097,6037,1320,6604,9381,10181,11056,11972,"Toriumi Kousuke","Shimadoriru","Earth","Linear",9,4.9,0.68,5,58.5,"Chaotic","Evil","Male",2,3,1,3,FALSE
"Caligula","Friend Point Only","Berserker","2",1,"54","4",1374,6831,1211,7303,9899,10540,11658,12396,"Tsuruoka Satoshi","BLACK","Man","S",9,5,0.68,5,56.8,"Chaotic","Evil","Male",2,3,1,3,FALSE
"Darius III","Unlimited","Berserker","3",0,"55","7",1412,7608,1577,8763,10297,11881,12093,13965,"Yasui Kunihiko","PFALZ","Man","Linear",9,5,0.67,5,65,"Lawful","Neutral","Male",2,3,1,3,FALSE
"Kiyohime","Unlimited","Berserker","3",0,"56","7",1233,6644,1649,9166,8992,12428,10561,14608,"Taneda Risa","BLACK","Earth","Linear",9,4.9,2.03,5,65,"Chaotic","Evil","Female",2,1,1,3,FALSE
"Eric Bloodaxe","Friend Point Only","Berserker","2",2,"57","4",1116,6290,1447,7688,9115,11095,10734,13049,"Yasui Kunihiko","Aotsuki Takao","Man","Linear",9,4.9,1.02,5,58.5,"Chaotic","Neutral","Male",2,2,1,3,FALSE
"Tamamo Cat","Unlimited","Berserker","4",0,"58","12",1504,9026,1833,11458,10929,13893,12832,16328,"Saito Chiwa","Wada Arco","Earth","Reverse S",10,5,0.71,5,39,"Chaotic","Good","Female",2,3,2,3,FALSE
"Frankenstein","Unlimited","Berserker","4",3,"82","12",1573,9441,1710,10687,11431,12958,13422,15229,"Nonaka Ai","Okazaki Takeshi","Earth","Semi Reverse S",10,4.9,0.83,5,58.5,"Chaotic","Neutral","Female",2,2,1,3,FALSE
"Beowulf","Unlimited","Berserker","4",1,"89","12",1707,10247,1652,10327,12407,12521,14568,14716,"Nakai Kazuya","Simosi","Earth","Linear",10,4.9,0.68,5,58.5,"Chaotic","Good","Male",3,3,1,4,FALSE
"Nightingale","Unlimited","Berserker","5",4,"97","16",1573,10184,2232,15221,11148,16675,13085,19598,"Sawashiro Miyuki","Takahashi Keitaro","Man","Semi S",10,5,NA,5,56.8,"Lawful","Good","Female",6,2,1,5,FALSE
"Cú Chulainn (Alter)","Unlockable Servants","Berserker","5",2,"98","16",1979,12805,1790,12210,14017,13377,16453,15721,"Canna Nobutoshi","Shimadoriru","Earth","Reverse S",9,5.1,0.69,5,52,"Chaotic","Evil","Male",4,3,3,5,FALSE
"Minamoto no Raiko","Limited Servants","Berserker","5",4,"114","16",1786,11556,1980,13500,12650,14790,14848,17382,"Tomatsu Haruka","Honjou Raita","Sky","Semi S",9,4.9,0.46,5,39,"Chaotic","Good","Female",3,4,1,5,FALSE
"Ibaraki Doji","Unlimited","Berserker","4",2,"116","12",1606,9636,1752,10954,11667,13282,13699,15610,"Touyama Nao","Hidari","Earth","Semi S",10,4.9,1.03,5,52,"Chaotic","Evil","Female",4,2,1,5,FALSE
"Mysterious Heroine X (Alter)","Limited Servants","Berserker","5",3,"155","16",1717,11113,2079,14175,12165,15529,14279,18251,"Kawasumi Ayako","BUNBUN","Star","Semi S",9,5,1.07,5,37.3,"Neutral","Evil","Female",3,2,4,5,FALSE
"Hijikata Toshizo","Limited Servants","Berserker","5",4,"161","16",1868,12089,1764,12028,13234,13178,15533,15486,"Hoshino Takanori","Yogo Yuki","Man","Linear",9,4.9,1.08,5,65,"Lawful","Evil","Male",3,2,2,3,FALSE
"Chacha","Event Reward","Berserker","4",1,"162","12",1490,8945,1764,11025,10831,13368,12717,15711,"Asumi Kana","pako","Man","Semi Reverse S",10,4.9,1.03,5,52,"Chaotic","Neutral","Female",3,2,5,4,FALSE
"Penthesilea","Unlimited","Berserker","4",2,"171","12",1750,10502,1628,10175,12716,12337,14930,14499,"Shimamura Yuu","Shinjiro","Earth","Linear",10,4.9,1.07,5,39,"Lawful","Good","Female",3,2,2,5,FALSE
"Paul Bunyan","Event Reward","Berserker","1",1,"174","3",1099,6044,1239,6196,9391,9551,11068,11232,"Omigawa Chiaki","Riyo","Earth","Semi Reverse S",9,4.9,0.67,5,65,"True","Neutral","Female",3,3,3,4,FALSE
"Oda Nobunaga (Berserker)","Limited Servants","Berserker","4",0,"178","12",1691,10146,1603,10023,12285,12153,14424,14283,"Kugimiya Rie","pako","Man","S",10,5,0.93,5,52,"Chaotic","Summer","Female",3,2,6,5,TRUE
"Atalanta (Alter)","Unlimited","Berserker","4",1,"202","12",1634,9806,1701,10634,11873,12894,13941,15154,"Hayami Saori","Konoe Ototsugu","Earth","Linear",9,5.1,1.05,5,45.5,"Chaotic","Evil","Female",3,2,3,5,FALSE
"Jeanne d'Arc (Berserker Alter)","Event Reward","Berserker","4",1,"219","12",1716,10298,1587,9922,12469,12030,14640,14139,"Sakamoto Maaya","Takeuchi Takashi","Man","Linear",9,5,0.52,5,45.5,"Chaotic","Summer","Female",4,4,3,5,TRUE
"Xiang Yu","Unlimited","Berserker","5",4,"226","16",1794,11613,2019,13770,12712,15086,14922,17730,"Yamadera Kouichi","danciao","Man","S",9,5.1,0.51,5,52,"Lawful","Neutral","Male",6,4,3,5,FALSE
"Arjuna (Alter)","Limited Servants","Berserker","5",2,"247","16",1803,11669,2029,13837,12773,15159,14993,17816,"Shimazaki Nobunaga","pako","Sky","Reverse S",9,5.1,0.98,5,35.7,"Lawful","Good & Evil","Male",4,2,4,4,FALSE
"Mori Nagayoshi","Limited Servants","Berserker","3",2,"251","7",1436,7732,1443,8019,10464,11510,12290,12780,"Taniyama Kishou","Dd","Man","Linear",9,4.9,0.5,5,65,"Chaotic","Insane","Male",3,3,2,5,FALSE
"Salome","Friend Point Only","Berserker","2",1,"260","4",1221,6884,1296,6885,9975,9936,11748,11685,"Bridcutt Sarah Emi","Simosi","Earth","Semi Reverse S",9,5,0.51,5,58.5,"Chaotic","Evil","Female",4,3,3,4,FALSE
"Miyamoto Musashi (Berserker)","Limited Servants","Berserker","5",1,"261","16",1964,12712,1782,12150,13915,13311,16334,15664,"Sakura Ayane","Koyama Hirokazu","Man","Semi S",9,5,0.51,5,52,"Chaotic","Good","Female",4,3,4,5,TRUE
"Kijyo Koyo","Limited Servants","Berserker","4",1,"282","12",1529,9177,1800,11250,11111,13640,13046,16031,"Hikasa Yoko","NOCO","Earth","Semi Reverse S",9,4.9,0.85,5,45.5,"Neutral","Evil","Female",3,3,3,5,FALSE
"Brynhildr (Berserker)","Limited Servants","Berserker","4",3,"287","12",1699,10197,1603,10023,12346,12153,14496,14283,"Noto Mamiko","Miwa Shiro","Sky","Semi Reverse S",10,5.1,0.85,5,45.5,"Neutral","Good","Female",3,3,4,5,TRUE
"Galatea","Unlimited","Berserker","5",0,"306","16",1764,11414,2059,14040,12494,15381,14666,18077,"Suegara Rie","Shimada Fumikane","Earth","S",9,4.8,0.6,5,43.8,"Chaotic","Neutral","Female",5,3,3,5,FALSE
"Morgan","Limited Servants","Berserker","5",4,"309","16",1884,12193,1824,12440,13347,13628,15667,16017,"Ishikawa Yui","Takeuchi Takashi","Earth","Semi S",10,5,0.53,5,37.3,"Lawful","Evil","Female",4,3,3,5,FALSE
"Sei Shonagon (Berserker)","Limited Servants","Berserker","4",1,"323","12",1657,9942,1587,9922,12038,12030,14134,14139,"Fairouz Ai","Mika Pikazo","Man","Reverse S",10,5,1,5,65,"Chaotic","Summer","Female",4,3,3,4,TRUE
"Kriemhild","Unlockable Servants","Berserker","4",1,"345","12",1733,10400,1587,9922,12592,12030,14785,14139,"Koga Aoi","Ototsugu Konoe","Earth","Semi S",10,4.9,0.53,5,39,"Chaotic","Neutral","Female",3,3,3,5,FALSE
"Jeanne d'Arc","Unlimited","Ruler","5",6,"59","16",1482,9593,2420,16500,10501,18076,12326,21244,"Sakamoto Maaya","Takeuchi Takashi","Star","Reverse S",99,10.1,0.76,3,21,"Lawful","Good","Female",2,2,1,3,FALSE
"Amakusa Shiro","Limited Servants","Ruler","5",4,"93","16",1695,10972,2069,14107,12011,15455,14098,18163,"Uchiyama Koki","Konoe Ototsugu","Man","Reverse S",100,10,0.86,3,21,"Lawful","Good","Male",3,2,1,7,FALSE
"Martha (Ruler)","Limited Servants","Ruler","4",1,"135","12",1591,9546,1800,11250,11558,13640,13571,16031,"Hayami Saori","Sakamoto Mineji","Man","Linear",102,10,0.76,3,21,"Lawful","Good","Female",4,3,1,5,TRUE
"Sherlock Holmes","Limited Servants","Ruler","5",2,"173","16",1776,11495,1960,13365,12583,14642,14770,17208,"Mizushima Takahiro","Yamanaka Kotetsu","Star","Linear",100,10,0.76,3,24.5,"Neutral","Good","Male",3,3,4,5,FALSE
"Shi Huang Di","Limited Servants","Ruler","5",7,"229","16",1541,9977,2321,15828,10921,17340,12819,20379,"Fukuyama Jun","Toh Azuma","Man","Reverse S",100,10,0.47,3,23.6,"Lawful","Good","Unknown",5,4,3,4,FALSE
"Quetzalcoatl (Samba/Santa)","Event Reward","Ruler","4",0,"233","12",1614,9687,1809,11306,11729,13708,13771,16111,"Endou Aya","Hiroe Rei","Sky","Reverse S",104,10,0.71,3,21,"Lawful","Good","Female",4,3,4,5,FALSE
"Astraea","Unlimited","Ruler","4",2,"242","12",1622,9734,1845,11531,11786,13981,13838,16432,"Ito Shizuka","Toh Azuma","Sky","Semi Reverse S",100,9.9,0.43,3,17.5,"Lawful","Good","Female",3,4,1,5,FALSE
"Artoria Pendragon (Ruler)","Limited Servants","Ruler","5",3,"265","16",1482,9593,2480,16912,10501,18528,12326,21775,"Kawasumi Ayako","Ishida Akira","Sky","Linear",100,10,0.57,3,21,"Lawful","Summer","Female",4,4,3,5,TRUE
"Himiko","Limited Servants","Ruler","5",1,"292","16",1647,10659,2200,15000,11668,16433,13696,19313,"Tamura Yukari","toi8","Earth","Reverse S",100,9.9,0.57,3,21,"Chaotic","Good","Female",4,3,1,5,FALSE
"Amor (Caren)","Limited Servants","Ruler","5",4,"305","16",1754,11351,2029,13837,12425,15159,14585,17816,"Koshimizu Ami","Morii Shizuki","Sky","Semi Reverse S",101,9.9,0.57,3,28.8,"Lawful","Good","Female",4,3,3,5,FALSE
"Leonardo Da Vinci (Ruler)","Event Reward","Ruler","4",0,"320","12",1526,9157,1881,11756,11087,14254,13018,16752,"Sakamoto Maaya","Simosi","Man","Semi Reverse S",102,10,0.67,3,21,"Lawful","Summer","Female",3,3,3,3,TRUE
"James Moriarty (Ruler)","Limited Servants","Ruler","5",0,"346","16",1615,10450,2183,14887,11439,16309,13427,19168,"Ito Kento","Honjou Raita","Man","Reverse S",102,10,0.37,3,24.5,"Chaotic","Evil","Male",4,4,4,5,FALSE
"Edmond Dantès","Limited Servants","Avenger","5",2,"96","16",1953,12641,1785,12177,13838,13340,16242,15679,"Shimazaki Nobunaga","Komatsuzaki Rui","Man","S",30,5.9,0.62,5,7,"Chaotic","Evil","Male",4,2,3,5,FALSE
"Jeanne d'Arc (Alter)","Limited Servants","Avenger","5",4,"106","16",2046,13244,1724,11761,14498,12885,17017,15143,"Sakamoto Maaya","Takeuchi Takashi","Man","S",29,6,0.83,5,5.7,"Chaotic","Evil","Female",3,2,4,7,FALSE
"Angra Mainyu","Friend Point Only","Avenger","1",4,"107","4",1008,5683,1502,7981,8235,11518,9698,13546,"Terashima Takuma","Nekotawawa","Man","Linear",29,6,0.79,5,9,"Chaotic","Evil","Male",3,2,1,4,FALSE
"Gorgon","Unlockable Servants","Avenger","4",1,"147","12",1784,10706,1631,10197,12963,12364,15220,14531,"Asakawa Yuu","Simosi","Earth","S",29,6,0.37,5,7,"Chaotic","Evil","Female",3,5,3,5,FALSE
"Hessian Lobo","Unlimited","Avenger","4",5,"158","12",1771,10628,1591,9949,12868,12063,15109,14178,"Takeuchi Ryouta","Simosi","Earth","Semi S",29,6,0.79,5,10,"Chaotic","Evil","Male",3,2,2,5,FALSE
"Antonio Salieri","Unlockable Servants","Avenger","3",1,"204","7",1509,8125,1411,7840,10996,10630,12914,12494,"Seki Toshihiko","PFALZ","Earth","Linear",30,6.1,0.7,5,8,"Chaotic","Evil","Male",3,2,3,5,FALSE
"Demon King Nobunaga","Limited Servants","Avenger","5",3,"250","16",1953,12641,1724,11761,13838,12885,16242,15143,"Kugimiya Rie","pako","Earth","S",30,5.9,0.49,5,7,"Chaotic","Neutral","Unknown",4,4,6,5,FALSE
"Space Ishtar","Limited Servants","Avenger","5",5,"268","16",1949,12612,1912,13041,13806,14287,16205,16791,"Ueda Kana","Morii Shizuki","Star","S",29,6,0.69,5,5,"Lawful","Evil","Female",4,2,3,5,FALSE
"Taira no Kagekiyo","Limited Servants","Avenger","5",2,"303","16",1963,12705,1777,12117,13908,13275,16325,15601,"Hayami Saori","Sakamoto Mineji","Earth","Linear",30,6.1,0.81,5,7,"Chaotic","Evil","Unknown",4,2,2,5,FALSE
"Kama (Avenger)","Limited Servants","Avenger","5",1,"321","16",2042,13213,1729,11790,14464,12916,16977,15180,"Shitaya Noriko","ReDrop","Sky","Reverse S",29,6.1,0.52,5,5,"Neutral","Evil","Female",4,3,3,5,TRUE
"Mysterious Ranmaru X","Event Reward","Avenger","4",2,"328","12",1645,9872,1638,10241,11953,12417,14034,14594,"Saito Machiko","Mika Pikazo","Star","Reverse S",29,6,0.45,5,8,"Lawful","Good","Unknown",4,2,2,5,FALSE
"BB","Event Reward","Moon Cancer","4",1,"166","12",1366,8197,2182,13643,9925,16542,11653,19442,"Shitaya Noriko","Wada Arco","Man","Linear",52,14.7,0.61,3,0.6,"Chaotic","Good","Female",4,3,1,4,FALSE
"BB (Summer)","Limited Servants","Moon Cancer","5",4,"220","16",1728,11182,2172,14812,12240,16227,14367,19071,"Shitaya Noriko","Wada Arco","Earth","S",52,14.8,0.61,3,0.5,"Chaotic","Evil","Female",4,3,5,4,TRUE
"Jinako Carigiri","Unlimited","Moon Cancer","5",2,"244","16",1416,9166,2617,17844,10034,19549,11777,22975,"Yuki Aoi","Wada Arco","Sky","S",51,14.5,0.35,3,0.7,"Lawful","Good","Female",4,4,4,5,FALSE
"Sesshoin Kiara (Moon Cancer)","Limited Servants","Moon Cancer","5",3,"285","16",1719,11128,2249,15336,12181,16801,14298,19746,"Tanaka Rie","Wada Arco","Earth","S",50,14.8,0.6,3,0.5,"Lawful","Evil","Female",3,3,4,5,TRUE
"Meltlilith","Limited Servants","Alter Ego","5",5,"163","16",1807,11692,1965,13402,12799,14682,15023,17256,"Hayami Saori","Wada Arco","Earth","Linear",100,10.2,0.92,4,30,"Lawful","Good","Female",4,2,1,6,FALSE
"Passionlip","Limited Servants","Alter Ego","4",4,"164","12",1716,10299,1744,10901,12470,13217,14641,15534,"Ogura Yui","Wada Arco","Earth","Semi Reverse S",97,9.9,0.77,4,35,"Lawful","Neutral","Female",4,3,1,5,FALSE
"Sesshoin Kiara","Limited Servants","Alter Ego","5",5,"167","16",1803,11668,2142,14606,12772,16001,14992,18806,"Tanaka Rie","Wada Arco","Beast","Semi S",97,10,0.55,4,25,"Chaotic","Evil","Female",3,3,1,5,FALSE
"Mecha Eli-chan","Event Reward","Alter Ego","4",1,"190","12",1666,9997,1744,10901,12104,13217,14212,15534,"Ookubo Rumi","Wada Arco","Man","Linear",97,9.7,0.9,4,50,"Lawful","Good","Female",4,3,2,4,FALSE
"Mecha Eli-chan Mk.II","Event Reward","Alter Ego","4",2,"191","12",1666,9997,1744,10901,12104,13217,14212,15534,"Ookubo Rumi","Wada Arco","Man","Linear",97,9.7,0.9,4,50,"Lawful","Good","Female",4,3,2,4,FALSE
"Okita Soji (Alter)","Limited Servants","Alter Ego","5",4,"209","16",1926,12465,1862,12696,13645,13909,16016,16347,"Yuki Aoi","Takeuchi Takashi","Man","Semi S",99,10.2,0.77,4,35,"True","Neutral","Female",5,3,3,5,FALSE
"Sitonai","Unlockable Servants","Alter Ego","5",3,"224","16",1803,11668,2048,13965,12772,15299,14992,17981,"Kadowaki Mai","BLACK","Sky","Semi Reverse S",102,10.2,0.83,4,25,"Chaotic","Good","Female",4,2,3,5,FALSE
"Kingprotea","Limited Servants","Alter Ego","5",2,"238","16",1983,12835,1956,13338,14050,14612,16492,17173,"Han Megumi","Wada Arco","Earth","Reverse S",100,10.2,0.56,4,45,"Lawful","Good","Female",3,3,1,6,FALSE
"Ashiya Doman","Limited Servants","Alter Ego","5",3,"297","16",1893,12252,1945,13266,13412,14533,15742,17081,"Morikawa Toshiyuki","Furumi Showichi","Earth","Sem Reverse S",100,9.7,0.7,4,25,"Chaotic","Evil","Unknown",4,3,3,5,FALSE
"Manannán mac Lir (Bazett)","Limited Servants","Alter Ego","5",1,"336","16",1983,12835,1881,12825,14050,14050,16492,16513,"Nabatame Hitomi","Hayashi Kewi","Sky","Linear",98,10,0.8,4,25,"Neutral","Good","Female",6,3,2,5,FALSE
"Taisui Xingjun","Event Reward","Alter Ego","4",0,"338","12",1545,9271,1976,12350,11225,14974,13180,17599,"Minami Omi Kawanishi Kengo","Take","Earth","S",98,9.8,0.47,4,35,"True","Neutral","Male",4,3,3,4,FALSE
"Super Bunyan","Limited Servants","Alter Ego","5",0,"339","16",1784,11545,1985,13537,12638,14830,14834,17430,"Omigawa Chiaki Takahashi Rie Yonezawa Madoka","Riyo","Earth","Semi S",97,9.9,0.86,4,40,"True","Neutral","Female",4,3,3,5,FALSE
"Abigail Williams","Limited Servants","Foreigner","5",6,"195","16",1870,12100,2019,13770,13245,15086,15547,17730,"Owada Hitomi","Kuroboshi Kouhaku","Earth","Semi S",148,14.8,0.25,3,7,"Chaotic","Evil","Female",4,6,4,5,FALSE
"Katsushika Hokusai","Limited Servants","Foreigner","5",7,"198","16",1870,12100,1940,13230,13245,14494,15547,17034,"Nogami Yukana","Kuroboshi Kouhaku","Man","S",153,15,0.33,3,7,"Chaotic","Neutral","Female",4,6,4,4,FALSE
"Mysterious Heroine XX","Limited Servants","Foreigner","4",2,"222","12",1625,9751,1800,11250,11806,13640,13862,16031,"Kawasumi Ayako","BUNBUN","Star","Reverse S",147,15,0.64,3,10,"Lawful","Good","Female",4,3,4,4,TRUE
"Yang Guifei","Limited Servants","Foreigner","5",4,"275","16",1907,12342,1960,13365,13510,14642,15858,17208,"Yoshimura Haruka","Kuroboshi Kouhaku","Man","Linear",147,15,0.51,3,6,"Chaotic","Good","Female",4,4,3,4,FALSE
"Voyager","Limited Servants","Foreigner","5",3,"281","16",1615,10450,2286,15592,11439,17082,13427,20076,"Iguchi Yuka","NOCO","Star","Linear",153,15.1,0.56,3,7,"Neutral","Good","Male",3,3,3,5,FALSE
"Abigail Williams (Summer)","Limited Servants","Foreigner","5",6,"289","16",1820,11781,2090,14250,12896,15611,15137,18347,"Owada Hitomi","Kuroboshi Kouhaku","Earth","S",150,15,0.86,3,6,"Lawful","Evil","Female",3,3,3,5,TRUE
"Van Gogh","Limited Servants","Foreigner","5",5,"295","16",1734,11220,2200,15000,12282,16433,14416,19313,"Takahashi Karin","Kibadori Rue","Earth","Semi Reverse S",147,14.9,0.76,3,6,"Chaotic","Evil","Female",4,3,4,5,FALSE
"Mysterious Idol X (Alter)","Event Reward","Foreigner","4",1,"308","12",1507,9045,1980,12375,10952,15004,12859,17634,"Kawasumi Ayako","BUNBUN","Star","S",153,15,0.9,3,6.7,"Neutral","Good","Female",4,3,4,5,FALSE
"Jacques de Molay","Unlimited","Foreigner","5",1,"324","16",1679,10868,2367,16143,11897,17685,13964,20785,"Aoki Shiki","Kuroboshi Kouhaku","Earth","Semi Reverse S",148,14.7,0.78,3,5,"Neutral","Evil","Female",5,3,4,5,FALSE
"Jacques de Molay","Limited Servants","Foreigner","5",1,"324","16",1679,10868,2367,16143,11897,17685,13964,20785,"Aoki Shiki","Kuroboshi Kouhaku","Earth","Semi Reverse S",148,14.7,0.78,3,5,"Neutral","Evil","Female",5,3,4,5,FALSE
"Koyanskaya of Darkness","Unlimited","Foreigner","5",3,"334","16",1734,11220,2156,14700,12282,16104,14416,18927,"Saito Chiwa","Wada Arco","Beast","S",153,14.8,0.67,3,6,"Chaotic","Evil","Female",4,3,3,5,FALSE
"Koyanskaya of Darkness","Limited Servants","Foreigner","5",3,"334","16",1734,11220,2156,14700,12282,16104,14416,18927,"Saito Chiwa","Wada Arco","Beast","S",153,14.8,0.67,3,6,"Chaotic","Evil","Female",4,3,3,5,FALSE
"Oberon","Limited Servants","Pretender","5",3,"316","16",1825,11810,1945,13266,12928,14992,15174,17081,"Toyonaga Toshiyuki","Umino Chika","Earth","S",104,20.5,0.59,3,18,"Chaotic","Evil","Male",4,4,3,6,FALSE
"Hephaestion","Unlimited","Pretender","4",4,"335","12",1646,9879,1786,11168,11961,13541,14044,15915,"Taichi Yo","Sakamoto Mineji","Earth","Linear",98,19.8,0.59,3,17.2,"True","Neutral","Female",3,3,3,5,FALSE
"Tiamat","Unplayable Servants","Beast","5",1,"149","16",2101,13596,2745,18720,14883,20509,NA,NA,"Yuki Aoi","Yamanaka Kotetsu","Beast","Linear",104,9.9,0,0,11,"Chaotic","Evil","Female",1,1,1,1,FALSE
"Goetia","Unplayable Servants","Beast","5",3,"151","16",2268,24721,11400,688560,24721,688560,NA,NA,"Sugita Tomokazu","Yamanaka Kotetsu","Beast","Linear",0,0,0,0,0,"Chaotic","Evil","Unknown",5,5,5,1,FALSE
"Beast III/R","Unplayable Servants","Beast","5",5,"168","16",13728,18720,15027,20509,NA,NA,NA,NA,"Tanaka Rie","Wada Arco","Beast","Semi S",102,10,0.55,3,0,"Chaotic","Evil","Female",3,1,2,3,FALSE
"Beast III/L","Unplayable Servants","Beast","5",4,"240","16",2080,13464,2745,18720,NA,NA,NA,NA,"Shitaya Noriko","ReDrop","Beast","Linear",100,10.2,0.58,3,0,"Chaotic","Evil","Female",4,4,4,4,FALSE
"Beast IV: L","Unplayable Servants","Beast","5",3,"333","16",NA,NA,NA,NA,NA,NA,NA,NA,"Saito Chiwa","Wada Arco","Beast",NA,NA,NA,NA,NA,0,"Chaotic","Evil","Female",NA,NA,NA,NA,FALSE
